id,reference,pin,function,bank,bank_voltage,review_status,raw_cad_status,validation_status,net,physical_pad_count,provisional_assignment,note
C1.1,C1,1,,,,Assigned · net connected,assigned net connected in native DRC,native_assignment_verified,LINK_12V,1,,"This assigned net has no missing connection in the supplied native DRC. This is copper connectivity, not electrical compatibility or a powered test."
C1.2,C1,2,,,,Assigned · net connected,assigned net connected in native DRC,native_assignment_verified,GND,1,,"This assigned net has no missing connection in the supplied native DRC. This is copper connectivity, not electrical compatibility or a powered test."
C10.1,C10,1,,,,Assigned · net connected,assigned net connected in native DRC,native_assignment_verified,SS_AUX,1,,"This assigned net has no missing connection in the supplied native DRC. This is copper connectivity, not electrical compatibility or a powered test."
C10.2,C10,2,,,,Assigned · net connected,assigned net connected in native DRC,native_assignment_verified,GND,1,,"This assigned net has no missing connection in the supplied native DRC. This is copper connectivity, not electrical compatibility or a powered test."
C100.1,C100,1,,,,Assigned · net connected,assigned net connected in native DRC,native_assignment_verified,VCCAUX_1V8,1,,"This assigned net has no missing connection in the supplied native DRC. This is copper connectivity, not electrical compatibility or a powered test."
C100.2,C100,2,,,,Assigned · net connected,assigned net connected in native DRC,native_assignment_verified,GND,1,,"This assigned net has no missing connection in the supplied native DRC. This is copper connectivity, not electrical compatibility or a powered test."
C101.1,C101,1,,,,Assigned · net connected,assigned net connected in native DRC,native_assignment_verified,VCCAUX_1V8,1,,"This assigned net has no missing connection in the supplied native DRC. This is copper connectivity, not electrical compatibility or a powered test."
C101.2,C101,2,,,,Assigned · net connected,assigned net connected in native DRC,native_assignment_verified,GND,1,,"This assigned net has no missing connection in the supplied native DRC. This is copper connectivity, not electrical compatibility or a powered test."
C102.1,C102,1,,,,Assigned · net connected,assigned net connected in native DRC,native_assignment_verified,VCCAUX_1V8,1,,"This assigned net has no missing connection in the supplied native DRC. This is copper connectivity, not electrical compatibility or a powered test."
C102.2,C102,2,,,,Assigned · net connected,assigned net connected in native DRC,native_assignment_verified,GND,1,,"This assigned net has no missing connection in the supplied native DRC. This is copper connectivity, not electrical compatibility or a powered test."
C103.1,C103,1,,,,Assigned · net connected,assigned net connected in native DRC,native_assignment_verified,VCCAUX_1V8,1,,"This assigned net has no missing connection in the supplied native DRC. This is copper connectivity, not electrical compatibility or a powered test."
C103.2,C103,2,,,,Assigned · net connected,assigned net connected in native DRC,native_assignment_verified,GND,1,,"This assigned net has no missing connection in the supplied native DRC. This is copper connectivity, not electrical compatibility or a powered test."
C11.1,C11,1,,,,Assigned · net connected,assigned net connected in native DRC,native_assignment_verified,LINK_12V,1,,"This assigned net has no missing connection in the supplied native DRC. This is copper connectivity, not electrical compatibility or a powered test."
C11.2,C11,2,,,,Assigned · net connected,assigned net connected in native DRC,native_assignment_verified,GND,1,,"This assigned net has no missing connection in the supplied native DRC. This is copper connectivity, not electrical compatibility or a powered test."
C12.1,C12,1,,,,Assigned · net connected,assigned net connected in native DRC,native_assignment_verified,LINK_12V,1,,"This assigned net has no missing connection in the supplied native DRC. This is copper connectivity, not electrical compatibility or a powered test."
C12.2,C12,2,,,,Assigned · net connected,assigned net connected in native DRC,native_assignment_verified,GND,1,,"This assigned net has no missing connection in the supplied native DRC. This is copper connectivity, not electrical compatibility or a powered test."
C13.1,C13,1,,,,Assigned · net connected,assigned net connected in native DRC,native_assignment_verified,VCC_LINK_2V5,1,,"This assigned net has no missing connection in the supplied native DRC. This is copper connectivity, not electrical compatibility or a powered test."
C13.2,C13,2,,,,Assigned · net connected,assigned net connected in native DRC,native_assignment_verified,GND,1,,"This assigned net has no missing connection in the supplied native DRC. This is copper connectivity, not electrical compatibility or a powered test."
C14.1,C14,1,,,,Assigned · net connected,assigned net connected in native DRC,native_assignment_verified,SS_CFG,1,,"This assigned net has no missing connection in the supplied native DRC. This is copper connectivity, not electrical compatibility or a powered test."
C14.2,C14,2,,,,Assigned · net connected,assigned net connected in native DRC,native_assignment_verified,GND,1,,"This assigned net has no missing connection in the supplied native DRC. This is copper connectivity, not electrical compatibility or a powered test."
C15.1,C15,1,,,,Assigned · net connected,assigned net connected in native DRC,native_assignment_verified,LINK_12V,1,,"This assigned net has no missing connection in the supplied native DRC. This is copper connectivity, not electrical compatibility or a powered test."
C15.2,C15,2,,,,Assigned · net connected,assigned net connected in native DRC,native_assignment_verified,GND,1,,"This assigned net has no missing connection in the supplied native DRC. This is copper connectivity, not electrical compatibility or a powered test."
C16.1,C16,1,,,,Assigned · net connected,assigned net connected in native DRC,native_assignment_verified,LINK_12V,1,,"This assigned net has no missing connection in the supplied native DRC. This is copper connectivity, not electrical compatibility or a powered test."
C16.2,C16,2,,,,Assigned · net connected,assigned net connected in native DRC,native_assignment_verified,GND,1,,"This assigned net has no missing connection in the supplied native DRC. This is copper connectivity, not electrical compatibility or a powered test."
C17.1,C17,1,,,,Assigned · net connected,assigned net connected in native DRC,native_assignment_verified,VCC_ASIC_1V5,1,,"This assigned net has no missing connection in the supplied native DRC. This is copper connectivity, not electrical compatibility or a powered test."
C17.2,C17,2,,,,Assigned · net connected,assigned net connected in native DRC,native_assignment_verified,GND,1,,"This assigned net has no missing connection in the supplied native DRC. This is copper connectivity, not electrical compatibility or a powered test."
C18.1,C18,1,,,,Assigned · net connected,assigned net connected in native DRC,native_assignment_verified,SS_ASIC,1,,"This assigned net has no missing connection in the supplied native DRC. This is copper connectivity, not electrical compatibility or a powered test."
C18.2,C18,2,,,,Assigned · net connected,assigned net connected in native DRC,native_assignment_verified,GND,1,,"This assigned net has no missing connection in the supplied native DRC. This is copper connectivity, not electrical compatibility or a powered test."
C2.1,C2,1,,,,Assigned · net connected,assigned net connected in native DRC,native_assignment_verified,LINK_12V,1,,"This assigned net has no missing connection in the supplied native DRC. This is copper connectivity, not electrical compatibility or a powered test."
C2.2,C2,2,,,,Assigned · net connected,assigned net connected in native DRC,native_assignment_verified,GND,1,,"This assigned net has no missing connection in the supplied native DRC. This is copper connectivity, not electrical compatibility or a powered test."
C20.1,C20,1,,,,Assigned · net connected,assigned net connected in native DRC,native_assignment_verified,VCCINT_1V0,1,,"This assigned net has no missing connection in the supplied native DRC. This is copper connectivity, not electrical compatibility or a powered test."
C20.2,C20,2,,,,Assigned · net connected,assigned net connected in native DRC,native_assignment_verified,GND,1,,"This assigned net has no missing connection in the supplied native DRC. This is copper connectivity, not electrical compatibility or a powered test."
C21.1,C21,1,,,,Assigned · net connected,assigned net connected in native DRC,native_assignment_verified,VCCINT_1V0,1,,"This assigned net has no missing connection in the supplied native DRC. This is copper connectivity, not electrical compatibility or a powered test."
C21.2,C21,2,,,,Assigned · net connected,assigned net connected in native DRC,native_assignment_verified,GND,1,,"This assigned net has no missing connection in the supplied native DRC. This is copper connectivity, not electrical compatibility or a powered test."
C22.1,C22,1,,,,Assigned · net connected,assigned net connected in native DRC,native_assignment_verified,VCCINT_1V0,1,,"This assigned net has no missing connection in the supplied native DRC. This is copper connectivity, not electrical compatibility or a powered test."
C22.2,C22,2,,,,Assigned · net connected,assigned net connected in native DRC,native_assignment_verified,GND,1,,"This assigned net has no missing connection in the supplied native DRC. This is copper connectivity, not electrical compatibility or a powered test."
C23.1,C23,1,,,,Assigned · net connected,assigned net connected in native DRC,native_assignment_verified,VCCINT_1V0,1,,"This assigned net has no missing connection in the supplied native DRC. This is copper connectivity, not electrical compatibility or a powered test."
C23.2,C23,2,,,,Assigned · net connected,assigned net connected in native DRC,native_assignment_verified,GND,1,,"This assigned net has no missing connection in the supplied native DRC. This is copper connectivity, not electrical compatibility or a powered test."
C24.1,C24,1,,,,Assigned · net connected,assigned net connected in native DRC,native_assignment_verified,VCCINT_1V0,1,,"This assigned net has no missing connection in the supplied native DRC. This is copper connectivity, not electrical compatibility or a powered test."
C24.2,C24,2,,,,Assigned · net connected,assigned net connected in native DRC,native_assignment_verified,GND,1,,"This assigned net has no missing connection in the supplied native DRC. This is copper connectivity, not electrical compatibility or a powered test."
C25.1,C25,1,,,,Assigned · net connected,assigned net connected in native DRC,native_assignment_verified,VCCINT_1V0,1,,"This assigned net has no missing connection in the supplied native DRC. This is copper connectivity, not electrical compatibility or a powered test."
C25.2,C25,2,,,,Assigned · net connected,assigned net connected in native DRC,native_assignment_verified,GND,1,,"This assigned net has no missing connection in the supplied native DRC. This is copper connectivity, not electrical compatibility or a powered test."
C26.1,C26,1,,,,Assigned · net connected,assigned net connected in native DRC,native_assignment_verified,VCCINT_1V0,1,,"This assigned net has no missing connection in the supplied native DRC. This is copper connectivity, not electrical compatibility or a powered test."
C26.2,C26,2,,,,Assigned · net connected,assigned net connected in native DRC,native_assignment_verified,GND,1,,"This assigned net has no missing connection in the supplied native DRC. This is copper connectivity, not electrical compatibility or a powered test."
C27.1,C27,1,,,,Assigned · net connected,assigned net connected in native DRC,native_assignment_verified,VCCINT_1V0,1,,"This assigned net has no missing connection in the supplied native DRC. This is copper connectivity, not electrical compatibility or a powered test."
C27.2,C27,2,,,,Assigned · net connected,assigned net connected in native DRC,native_assignment_verified,GND,1,,"This assigned net has no missing connection in the supplied native DRC. This is copper connectivity, not electrical compatibility or a powered test."
C28.1,C28,1,,,,Assigned · net connected,assigned net connected in native DRC,native_assignment_verified,VCCINT_1V0,1,,"This assigned net has no missing connection in the supplied native DRC. This is copper connectivity, not electrical compatibility or a powered test."
C28.2,C28,2,,,,Assigned · net connected,assigned net connected in native DRC,native_assignment_verified,GND,1,,"This assigned net has no missing connection in the supplied native DRC. This is copper connectivity, not electrical compatibility or a powered test."
C29.1,C29,1,,,,Assigned · net connected,assigned net connected in native DRC,native_assignment_verified,VCCINT_1V0,1,,"This assigned net has no missing connection in the supplied native DRC. This is copper connectivity, not electrical compatibility or a powered test."
C29.2,C29,2,,,,Assigned · net connected,assigned net connected in native DRC,native_assignment_verified,GND,1,,"This assigned net has no missing connection in the supplied native DRC. This is copper connectivity, not electrical compatibility or a powered test."
C3.1,C3,1,,,,Assigned · net connected,assigned net connected in native DRC,native_assignment_verified,LINK_12V,1,,"This assigned net has no missing connection in the supplied native DRC. This is copper connectivity, not electrical compatibility or a powered test."
C3.2,C3,2,,,,Assigned · net connected,assigned net connected in native DRC,native_assignment_verified,GND,1,,"This assigned net has no missing connection in the supplied native DRC. This is copper connectivity, not electrical compatibility or a powered test."
C30.1,C30,1,,,,Assigned · net connected,assigned net connected in native DRC,native_assignment_verified,VCCINT_1V0,1,,"This assigned net has no missing connection in the supplied native DRC. This is copper connectivity, not electrical compatibility or a powered test."
C30.2,C30,2,,,,Assigned · net connected,assigned net connected in native DRC,native_assignment_verified,GND,1,,"This assigned net has no missing connection in the supplied native DRC. This is copper connectivity, not electrical compatibility or a powered test."
C31.1,C31,1,,,,Assigned · net connected,assigned net connected in native DRC,native_assignment_verified,VCCINT_1V0,1,,"This assigned net has no missing connection in the supplied native DRC. This is copper connectivity, not electrical compatibility or a powered test."
C31.2,C31,2,,,,Assigned · net connected,assigned net connected in native DRC,native_assignment_verified,GND,1,,"This assigned net has no missing connection in the supplied native DRC. This is copper connectivity, not electrical compatibility or a powered test."
C32.1,C32,1,,,,Assigned · net connected,assigned net connected in native DRC,native_assignment_verified,VCCINT_1V0,1,,"This assigned net has no missing connection in the supplied native DRC. This is copper connectivity, not electrical compatibility or a powered test."
C32.2,C32,2,,,,Assigned · net connected,assigned net connected in native DRC,native_assignment_verified,GND,1,,"This assigned net has no missing connection in the supplied native DRC. This is copper connectivity, not electrical compatibility or a powered test."
C33.1,C33,1,,,,Assigned · net connected,assigned net connected in native DRC,native_assignment_verified,VCCINT_1V0,1,,"This assigned net has no missing connection in the supplied native DRC. This is copper connectivity, not electrical compatibility or a powered test."
C33.2,C33,2,,,,Assigned · net connected,assigned net connected in native DRC,native_assignment_verified,GND,1,,"This assigned net has no missing connection in the supplied native DRC. This is copper connectivity, not electrical compatibility or a powered test."
C34.1,C34,1,,,,Assigned · net connected,assigned net connected in native DRC,native_assignment_verified,VCCINT_1V0,1,,"This assigned net has no missing connection in the supplied native DRC. This is copper connectivity, not electrical compatibility or a powered test."
C34.2,C34,2,,,,Assigned · net connected,assigned net connected in native DRC,native_assignment_verified,GND,1,,"This assigned net has no missing connection in the supplied native DRC. This is copper connectivity, not electrical compatibility or a powered test."
C35.1,C35,1,,,,Assigned · net connected,assigned net connected in native DRC,native_assignment_verified,VCCINT_1V0,1,,"This assigned net has no missing connection in the supplied native DRC. This is copper connectivity, not electrical compatibility or a powered test."
C35.2,C35,2,,,,Assigned · net connected,assigned net connected in native DRC,native_assignment_verified,GND,1,,"This assigned net has no missing connection in the supplied native DRC. This is copper connectivity, not electrical compatibility or a powered test."
C36.1,C36,1,,,,Assigned · net connected,assigned net connected in native DRC,native_assignment_verified,VCCINT_1V0,1,,"This assigned net has no missing connection in the supplied native DRC. This is copper connectivity, not electrical compatibility or a powered test."
C36.2,C36,2,,,,Assigned · net connected,assigned net connected in native DRC,native_assignment_verified,GND,1,,"This assigned net has no missing connection in the supplied native DRC. This is copper connectivity, not electrical compatibility or a powered test."
C37.1,C37,1,,,,Assigned · net connected,assigned net connected in native DRC,native_assignment_verified,VCCINT_1V0,1,,"This assigned net has no missing connection in the supplied native DRC. This is copper connectivity, not electrical compatibility or a powered test."
C37.2,C37,2,,,,Assigned · net connected,assigned net connected in native DRC,native_assignment_verified,GND,1,,"This assigned net has no missing connection in the supplied native DRC. This is copper connectivity, not electrical compatibility or a powered test."
C4.1,C4,1,,,,Assigned · net connected,assigned net connected in native DRC,native_assignment_verified,LINK_12V,1,,"This assigned net has no missing connection in the supplied native DRC. This is copper connectivity, not electrical compatibility or a powered test."
C4.2,C4,2,,,,Assigned · net connected,assigned net connected in native DRC,native_assignment_verified,GND,1,,"This assigned net has no missing connection in the supplied native DRC. This is copper connectivity, not electrical compatibility or a powered test."
C40.1,C40,1,,,,Assigned · net connected,assigned net connected in native DRC,native_assignment_verified,VCCAUX_1V8,1,,"This assigned net has no missing connection in the supplied native DRC. This is copper connectivity, not electrical compatibility or a powered test."
C40.2,C40,2,,,,Assigned · net connected,assigned net connected in native DRC,native_assignment_verified,GND,1,,"This assigned net has no missing connection in the supplied native DRC. This is copper connectivity, not electrical compatibility or a powered test."
C41.1,C41,1,,,,Assigned · net connected,assigned net connected in native DRC,native_assignment_verified,VCCAUX_1V8,1,,"This assigned net has no missing connection in the supplied native DRC. This is copper connectivity, not electrical compatibility or a powered test."
C41.2,C41,2,,,,Assigned · net connected,assigned net connected in native DRC,native_assignment_verified,GND,1,,"This assigned net has no missing connection in the supplied native DRC. This is copper connectivity, not electrical compatibility or a powered test."
C42.1,C42,1,,,,Assigned · net connected,assigned net connected in native DRC,native_assignment_verified,VCCAUX_1V8,1,,"This assigned net has no missing connection in the supplied native DRC. This is copper connectivity, not electrical compatibility or a powered test."
C42.2,C42,2,,,,Assigned · net connected,assigned net connected in native DRC,native_assignment_verified,GND,1,,"This assigned net has no missing connection in the supplied native DRC. This is copper connectivity, not electrical compatibility or a powered test."
C43.1,C43,1,,,,Assigned · net connected,assigned net connected in native DRC,native_assignment_verified,VCCAUX_1V8,1,,"This assigned net has no missing connection in the supplied native DRC. This is copper connectivity, not electrical compatibility or a powered test."
C43.2,C43,2,,,,Assigned · net connected,assigned net connected in native DRC,native_assignment_verified,GND,1,,"This assigned net has no missing connection in the supplied native DRC. This is copper connectivity, not electrical compatibility or a powered test."
C44.1,C44,1,,,,Assigned · net connected,assigned net connected in native DRC,native_assignment_verified,VCCAUX_1V8,1,,"This assigned net has no missing connection in the supplied native DRC. This is copper connectivity, not electrical compatibility or a powered test."
C44.2,C44,2,,,,Assigned · net connected,assigned net connected in native DRC,native_assignment_verified,GND,1,,"This assigned net has no missing connection in the supplied native DRC. This is copper connectivity, not electrical compatibility or a powered test."
C45.1,C45,1,,,,Assigned · net connected,assigned net connected in native DRC,native_assignment_verified,VCCAUX_1V8,1,,"This assigned net has no missing connection in the supplied native DRC. This is copper connectivity, not electrical compatibility or a powered test."
C45.2,C45,2,,,,Assigned · net connected,assigned net connected in native DRC,native_assignment_verified,GND,1,,"This assigned net has no missing connection in the supplied native DRC. This is copper connectivity, not electrical compatibility or a powered test."
C46.1,C46,1,,,,Assigned · net connected,assigned net connected in native DRC,native_assignment_verified,VCCAUX_1V8,1,,"This assigned net has no missing connection in the supplied native DRC. This is copper connectivity, not electrical compatibility or a powered test."
C46.2,C46,2,,,,Assigned · net connected,assigned net connected in native DRC,native_assignment_verified,GND,1,,"This assigned net has no missing connection in the supplied native DRC. This is copper connectivity, not electrical compatibility or a powered test."
C5.1,C5,1,,,,Assigned · net connected,assigned net connected in native DRC,native_assignment_verified,VCORE_REG_1V025,1,,"This assigned net has no missing connection in the supplied native DRC. This is copper connectivity, not electrical compatibility or a powered test."
C5.2,C5,2,,,,Assigned · net connected,assigned net connected in native DRC,native_assignment_verified,GND,1,,"This assigned net has no missing connection in the supplied native DRC. This is copper connectivity, not electrical compatibility or a powered test."
C50.1,C50,1,,,,Assigned · net connected,assigned net connected in native DRC,native_assignment_verified,VCCAUX_1V8,1,,"This assigned net has no missing connection in the supplied native DRC. This is copper connectivity, not electrical compatibility or a powered test."
C50.2,C50,2,,,,Assigned · net connected,assigned net connected in native DRC,native_assignment_verified,GND,1,,"This assigned net has no missing connection in the supplied native DRC. This is copper connectivity, not electrical compatibility or a powered test."
C51.1,C51,1,,,,Assigned · net connected,assigned net connected in native DRC,native_assignment_verified,VCCAUX_1V8,1,,"This assigned net has no missing connection in the supplied native DRC. This is copper connectivity, not electrical compatibility or a powered test."
C51.2,C51,2,,,,Assigned · net connected,assigned net connected in native DRC,native_assignment_verified,GND,1,,"This assigned net has no missing connection in the supplied native DRC. This is copper connectivity, not electrical compatibility or a powered test."
C52.1,C52,1,,,,Assigned · net connected,assigned net connected in native DRC,native_assignment_verified,VCCAUX_1V8,1,,"This assigned net has no missing connection in the supplied native DRC. This is copper connectivity, not electrical compatibility or a powered test."
C52.2,C52,2,,,,Assigned · net connected,assigned net connected in native DRC,native_assignment_verified,GND,1,,"This assigned net has no missing connection in the supplied native DRC. This is copper connectivity, not electrical compatibility or a powered test."
C53.1,C53,1,,,,Assigned · net connected,assigned net connected in native DRC,native_assignment_verified,VCCAUX_1V8,1,,"This assigned net has no missing connection in the supplied native DRC. This is copper connectivity, not electrical compatibility or a powered test."
C53.2,C53,2,,,,Assigned · net connected,assigned net connected in native DRC,native_assignment_verified,GND,1,,"This assigned net has no missing connection in the supplied native DRC. This is copper connectivity, not electrical compatibility or a powered test."
C54.1,C54,1,,,,Assigned · net connected,assigned net connected in native DRC,native_assignment_verified,VCCAUX_1V8,1,,"This assigned net has no missing connection in the supplied native DRC. This is copper connectivity, not electrical compatibility or a powered test."
C54.2,C54,2,,,,Assigned · net connected,assigned net connected in native DRC,native_assignment_verified,GND,1,,"This assigned net has no missing connection in the supplied native DRC. This is copper connectivity, not electrical compatibility or a powered test."
C55.1,C55,1,,,,Assigned · net connected,assigned net connected in native DRC,native_assignment_verified,VCCAUX_1V8,1,,"This assigned net has no missing connection in the supplied native DRC. This is copper connectivity, not electrical compatibility or a powered test."
C55.2,C55,2,,,,Assigned · net connected,assigned net connected in native DRC,native_assignment_verified,GND,1,,"This assigned net has no missing connection in the supplied native DRC. This is copper connectivity, not electrical compatibility or a powered test."
C56.1,C56,1,,,,Assigned · net connected,assigned net connected in native DRC,native_assignment_verified,VCCAUX_1V8,1,,"This assigned net has no missing connection in the supplied native DRC. This is copper connectivity, not electrical compatibility or a powered test."
C56.2,C56,2,,,,Assigned · net connected,assigned net connected in native DRC,native_assignment_verified,GND,1,,"This assigned net has no missing connection in the supplied native DRC. This is copper connectivity, not electrical compatibility or a powered test."
C57.1,C57,1,,,,Assigned · net connected,assigned net connected in native DRC,native_assignment_verified,VCC_LINK_2V5,1,,"This assigned net has no missing connection in the supplied native DRC. This is copper connectivity, not electrical compatibility or a powered test."
C57.2,C57,2,,,,Assigned · net connected,assigned net connected in native DRC,native_assignment_verified,GND,1,,"This assigned net has no missing connection in the supplied native DRC. This is copper connectivity, not electrical compatibility or a powered test."
C58.1,C58,1,,,,Assigned · net connected,assigned net connected in native DRC,native_assignment_verified,VCC_LINK_2V5,1,,"This assigned net has no missing connection in the supplied native DRC. This is copper connectivity, not electrical compatibility or a powered test."
C58.2,C58,2,,,,Assigned · net connected,assigned net connected in native DRC,native_assignment_verified,GND,1,,"This assigned net has no missing connection in the supplied native DRC. This is copper connectivity, not electrical compatibility or a powered test."
C59.1,C59,1,,,,Assigned · net connected,assigned net connected in native DRC,native_assignment_verified,VCC_LINK_2V5,1,,"This assigned net has no missing connection in the supplied native DRC. This is copper connectivity, not electrical compatibility or a powered test."
C59.2,C59,2,,,,Assigned · net connected,assigned net connected in native DRC,native_assignment_verified,GND,1,,"This assigned net has no missing connection in the supplied native DRC. This is copper connectivity, not electrical compatibility or a powered test."
C6.1,C6,1,,,,Assigned · net connected,assigned net connected in native DRC,native_assignment_verified,SS_CORE,1,,"This assigned net has no missing connection in the supplied native DRC. This is copper connectivity, not electrical compatibility or a powered test."
C6.2,C6,2,,,,Assigned · net connected,assigned net connected in native DRC,native_assignment_verified,GND,1,,"This assigned net has no missing connection in the supplied native DRC. This is copper connectivity, not electrical compatibility or a powered test."
C60.1,C60,1,,,,Assigned · net connected,assigned net connected in native DRC,native_assignment_verified,VCC_LINK_2V5,1,,"This assigned net has no missing connection in the supplied native DRC. This is copper connectivity, not electrical compatibility or a powered test."
C60.2,C60,2,,,,Assigned · net connected,assigned net connected in native DRC,native_assignment_verified,GND,1,,"This assigned net has no missing connection in the supplied native DRC. This is copper connectivity, not electrical compatibility or a powered test."
C61.1,C61,1,,,,Assigned · net connected,assigned net connected in native DRC,native_assignment_verified,VCC_LINK_2V5,1,,"This assigned net has no missing connection in the supplied native DRC. This is copper connectivity, not electrical compatibility or a powered test."
C61.2,C61,2,,,,Assigned · net connected,assigned net connected in native DRC,native_assignment_verified,GND,1,,"This assigned net has no missing connection in the supplied native DRC. This is copper connectivity, not electrical compatibility or a powered test."
C62.1,C62,1,,,,Assigned · net connected,assigned net connected in native DRC,native_assignment_verified,VCC_LINK_2V5,1,,"This assigned net has no missing connection in the supplied native DRC. This is copper connectivity, not electrical compatibility or a powered test."
C62.2,C62,2,,,,Assigned · net connected,assigned net connected in native DRC,native_assignment_verified,GND,1,,"This assigned net has no missing connection in the supplied native DRC. This is copper connectivity, not electrical compatibility or a powered test."
C63.1,C63,1,,,,Assigned · net connected,assigned net connected in native DRC,native_assignment_verified,VCC_LINK_2V5,1,,"This assigned net has no missing connection in the supplied native DRC. This is copper connectivity, not electrical compatibility or a powered test."
C63.2,C63,2,,,,Assigned · net connected,assigned net connected in native DRC,native_assignment_verified,GND,1,,"This assigned net has no missing connection in the supplied native DRC. This is copper connectivity, not electrical compatibility or a powered test."
C64.1,C64,1,,,,Assigned · net connected,assigned net connected in native DRC,native_assignment_verified,VCC_ASIC_1V5,1,,"This assigned net has no missing connection in the supplied native DRC. This is copper connectivity, not electrical compatibility or a powered test."
C64.2,C64,2,,,,Assigned · net connected,assigned net connected in native DRC,native_assignment_verified,GND,1,,"This assigned net has no missing connection in the supplied native DRC. This is copper connectivity, not electrical compatibility or a powered test."
C65.1,C65,1,,,,Assigned · net connected,assigned net connected in native DRC,native_assignment_verified,VCC_ASIC_1V5,1,,"This assigned net has no missing connection in the supplied native DRC. This is copper connectivity, not electrical compatibility or a powered test."
C65.2,C65,2,,,,Assigned · net connected,assigned net connected in native DRC,native_assignment_verified,GND,1,,"This assigned net has no missing connection in the supplied native DRC. This is copper connectivity, not electrical compatibility or a powered test."
C66.1,C66,1,,,,Assigned · net connected,assigned net connected in native DRC,native_assignment_verified,VCC_ASIC_1V5,1,,"This assigned net has no missing connection in the supplied native DRC. This is copper connectivity, not electrical compatibility or a powered test."
C66.2,C66,2,,,,Assigned · net connected,assigned net connected in native DRC,native_assignment_verified,GND,1,,"This assigned net has no missing connection in the supplied native DRC. This is copper connectivity, not electrical compatibility or a powered test."
C67.1,C67,1,,,,Assigned · net connected,assigned net connected in native DRC,native_assignment_verified,VCC_ASIC_1V5,1,,"This assigned net has no missing connection in the supplied native DRC. This is copper connectivity, not electrical compatibility or a powered test."
C67.2,C67,2,,,,Assigned · net connected,assigned net connected in native DRC,native_assignment_verified,GND,1,,"This assigned net has no missing connection in the supplied native DRC. This is copper connectivity, not electrical compatibility or a powered test."
C68.1,C68,1,,,,Assigned · net connected,assigned net connected in native DRC,native_assignment_verified,VCC_ASIC_1V5,1,,"This assigned net has no missing connection in the supplied native DRC. This is copper connectivity, not electrical compatibility or a powered test."
C68.2,C68,2,,,,Assigned · net connected,assigned net connected in native DRC,native_assignment_verified,GND,1,,"This assigned net has no missing connection in the supplied native DRC. This is copper connectivity, not electrical compatibility or a powered test."
C69.1,C69,1,,,,Assigned · net connected,assigned net connected in native DRC,native_assignment_verified,VCC_ASIC_1V5,1,,"This assigned net has no missing connection in the supplied native DRC. This is copper connectivity, not electrical compatibility or a powered test."
C69.2,C69,2,,,,Assigned · net connected,assigned net connected in native DRC,native_assignment_verified,GND,1,,"This assigned net has no missing connection in the supplied native DRC. This is copper connectivity, not electrical compatibility or a powered test."
C7.1,C7,1,,,,Assigned · net connected,assigned net connected in native DRC,native_assignment_verified,LINK_12V,1,,"This assigned net has no missing connection in the supplied native DRC. This is copper connectivity, not electrical compatibility or a powered test."
C7.2,C7,2,,,,Assigned · net connected,assigned net connected in native DRC,native_assignment_verified,GND,1,,"This assigned net has no missing connection in the supplied native DRC. This is copper connectivity, not electrical compatibility or a powered test."
C70.1,C70,1,,,,Assigned · net connected,assigned net connected in native DRC,native_assignment_verified,VCC_ASIC_1V5,1,,"This assigned net has no missing connection in the supplied native DRC. This is copper connectivity, not electrical compatibility or a powered test."
C70.2,C70,2,,,,Assigned · net connected,assigned net connected in native DRC,native_assignment_verified,GND,1,,"This assigned net has no missing connection in the supplied native DRC. This is copper connectivity, not electrical compatibility or a powered test."
C71.1,C71,1,,,,Assigned · net connected,assigned net connected in native DRC,native_assignment_verified,VCC_ASIC_1V5,1,,"This assigned net has no missing connection in the supplied native DRC. This is copper connectivity, not electrical compatibility or a powered test."
C71.2,C71,2,,,,Assigned · net connected,assigned net connected in native DRC,native_assignment_verified,GND,1,,"This assigned net has no missing connection in the supplied native DRC. This is copper connectivity, not electrical compatibility or a powered test."
C72.1,C72,1,,,,Assigned · net connected,assigned net connected in native DRC,native_assignment_verified,VCC_ASIC_1V5,1,,"This assigned net has no missing connection in the supplied native DRC. This is copper connectivity, not electrical compatibility or a powered test."
C72.2,C72,2,,,,Assigned · net connected,assigned net connected in native DRC,native_assignment_verified,GND,1,,"This assigned net has no missing connection in the supplied native DRC. This is copper connectivity, not electrical compatibility or a powered test."
C73.1,C73,1,,,,Assigned · net connected,assigned net connected in native DRC,native_assignment_verified,VCC_ASIC_1V5,1,,"This assigned net has no missing connection in the supplied native DRC. This is copper connectivity, not electrical compatibility or a powered test."
C73.2,C73,2,,,,Assigned · net connected,assigned net connected in native DRC,native_assignment_verified,GND,1,,"This assigned net has no missing connection in the supplied native DRC. This is copper connectivity, not electrical compatibility or a powered test."
C74.1,C74,1,,,,Assigned · net connected,assigned net connected in native DRC,native_assignment_verified,VCC_ASIC_1V5,1,,"This assigned net has no missing connection in the supplied native DRC. This is copper connectivity, not electrical compatibility or a powered test."
C74.2,C74,2,,,,Assigned · net connected,assigned net connected in native DRC,native_assignment_verified,GND,1,,"This assigned net has no missing connection in the supplied native DRC. This is copper connectivity, not electrical compatibility or a powered test."
C75.1,C75,1,,,,Assigned · net connected,assigned net connected in native DRC,native_assignment_verified,VCC_ASIC_1V5,1,,"This assigned net has no missing connection in the supplied native DRC. This is copper connectivity, not electrical compatibility or a powered test."
C75.2,C75,2,,,,Assigned · net connected,assigned net connected in native DRC,native_assignment_verified,GND,1,,"This assigned net has no missing connection in the supplied native DRC. This is copper connectivity, not electrical compatibility or a powered test."
C76.1,C76,1,,,,Assigned · net connected,assigned net connected in native DRC,native_assignment_verified,VCC_ASIC_1V5,1,,"This assigned net has no missing connection in the supplied native DRC. This is copper connectivity, not electrical compatibility or a powered test."
C76.2,C76,2,,,,Assigned · net connected,assigned net connected in native DRC,native_assignment_verified,GND,1,,"This assigned net has no missing connection in the supplied native DRC. This is copper connectivity, not electrical compatibility or a powered test."
C77.1,C77,1,,,,Assigned · net connected,assigned net connected in native DRC,native_assignment_verified,VCC_ASIC_1V5,1,,"This assigned net has no missing connection in the supplied native DRC. This is copper connectivity, not electrical compatibility or a powered test."
C77.2,C77,2,,,,Assigned · net connected,assigned net connected in native DRC,native_assignment_verified,GND,1,,"This assigned net has no missing connection in the supplied native DRC. This is copper connectivity, not electrical compatibility or a powered test."
C78.1,C78,1,,,,Assigned · net connected,assigned net connected in native DRC,native_assignment_verified,VCC_ASIC_1V5,1,,"This assigned net has no missing connection in the supplied native DRC. This is copper connectivity, not electrical compatibility or a powered test."
C78.2,C78,2,,,,Assigned · net connected,assigned net connected in native DRC,native_assignment_verified,GND,1,,"This assigned net has no missing connection in the supplied native DRC. This is copper connectivity, not electrical compatibility or a powered test."
C79.1,C79,1,,,,Assigned · net connected,assigned net connected in native DRC,native_assignment_verified,VCC_ASIC_1V5,1,,"This assigned net has no missing connection in the supplied native DRC. This is copper connectivity, not electrical compatibility or a powered test."
C79.2,C79,2,,,,Assigned · net connected,assigned net connected in native DRC,native_assignment_verified,GND,1,,"This assigned net has no missing connection in the supplied native DRC. This is copper connectivity, not electrical compatibility or a powered test."
C8.1,C8,1,,,,Assigned · net connected,assigned net connected in native DRC,native_assignment_verified,LINK_12V,1,,"This assigned net has no missing connection in the supplied native DRC. This is copper connectivity, not electrical compatibility or a powered test."
C8.2,C8,2,,,,Assigned · net connected,assigned net connected in native DRC,native_assignment_verified,GND,1,,"This assigned net has no missing connection in the supplied native DRC. This is copper connectivity, not electrical compatibility or a powered test."
C80.1,C80,1,,,,Assigned · net connected,assigned net connected in native DRC,native_assignment_verified,VCC_ASIC_1V5,1,,"This assigned net has no missing connection in the supplied native DRC. This is copper connectivity, not electrical compatibility or a powered test."
C80.2,C80,2,,,,Assigned · net connected,assigned net connected in native DRC,native_assignment_verified,GND,1,,"This assigned net has no missing connection in the supplied native DRC. This is copper connectivity, not electrical compatibility or a powered test."
C81.1,C81,1,,,,Assigned · net connected,assigned net connected in native DRC,native_assignment_verified,VCC_ASIC_1V5,1,,"This assigned net has no missing connection in the supplied native DRC. This is copper connectivity, not electrical compatibility or a powered test."
C81.2,C81,2,,,,Assigned · net connected,assigned net connected in native DRC,native_assignment_verified,GND,1,,"This assigned net has no missing connection in the supplied native DRC. This is copper connectivity, not electrical compatibility or a powered test."
C82.1,C82,1,,,,Assigned · net connected,assigned net connected in native DRC,native_assignment_verified,VCC_ASIC_1V5,1,,"This assigned net has no missing connection in the supplied native DRC. This is copper connectivity, not electrical compatibility or a powered test."
C82.2,C82,2,,,,Assigned · net connected,assigned net connected in native DRC,native_assignment_verified,GND,1,,"This assigned net has no missing connection in the supplied native DRC. This is copper connectivity, not electrical compatibility or a powered test."
C9.1,C9,1,,,,Assigned · net connected,assigned net connected in native DRC,native_assignment_verified,VAUX_REG_1V803,1,,"This assigned net has no missing connection in the supplied native DRC. This is copper connectivity, not electrical compatibility or a powered test."
C9.2,C9,2,,,,Assigned · net connected,assigned net connected in native DRC,native_assignment_verified,GND,1,,"This assigned net has no missing connection in the supplied native DRC. This is copper connectivity, not electrical compatibility or a powered test."
C90.1,C90,1,,,,Assigned · net connected,assigned net connected in native DRC,native_assignment_verified,VCCAUX_1V8,1,,"This assigned net has no missing connection in the supplied native DRC. This is copper connectivity, not electrical compatibility or a powered test."
C90.2,C90,2,,,,Assigned · net connected,assigned net connected in native DRC,native_assignment_verified,GND,1,,"This assigned net has no missing connection in the supplied native DRC. This is copper connectivity, not electrical compatibility or a powered test."
C91.1,C91,1,,,,Assigned · net connected,assigned net connected in native DRC,native_assignment_verified,VCCAUX_1V8,1,,"This assigned net has no missing connection in the supplied native DRC. This is copper connectivity, not electrical compatibility or a powered test."
C91.2,C91,2,,,,Assigned · net connected,assigned net connected in native DRC,native_assignment_verified,GND,1,,"This assigned net has no missing connection in the supplied native DRC. This is copper connectivity, not electrical compatibility or a powered test."
C92.1,C92,1,,,,Assigned · net connected,assigned net connected in native DRC,native_assignment_verified,VCCAUX_1V8,1,,"This assigned net has no missing connection in the supplied native DRC. This is copper connectivity, not electrical compatibility or a powered test."
C92.2,C92,2,,,,Assigned · net connected,assigned net connected in native DRC,native_assignment_verified,GND,1,,"This assigned net has no missing connection in the supplied native DRC. This is copper connectivity, not electrical compatibility or a powered test."
J4.1,J4,1,VTREF,,,Assigned · net connected,assigned net connected in native DRC,native_assignment_verified,VCCAUX_1V8,1,,"This assigned net has no missing connection in the supplied native DRC. This is copper connectivity, not electrical compatibility or a powered test."
J4.10,J4,10,GND,,,Assigned · net connected,assigned net connected in native DRC,native_assignment_verified,GND,1,,"This assigned net has no missing connection in the supplied native DRC. This is copper connectivity, not electrical compatibility or a powered test."
J4.11,J4,11,PAIR2_N_RESERVED,,,Reserved · not implemented,reserved — interface implementation required,assignment_required,,1,,"Reserved cable-data contact; link implementation is deferred. Custom electrical interface, not HDMI compatible."
J4.12,J4,12,PAIR3_P_RESERVED,,,Reserved · not implemented,reserved — interface implementation required,assignment_required,,1,,"Reserved cable-data contact; link implementation is deferred. Custom electrical interface, not HDMI compatible."
J4.13,J4,13,GND,,,Assigned · net connected,assigned net connected in native DRC,native_assignment_verified,GND,1,,"This assigned net has no missing connection in the supplied native DRC. This is copper connectivity, not electrical compatibility or a powered test."
J4.14,J4,14,PAIR3_N_RESERVED,,,Reserved · not implemented,reserved — interface implementation required,assignment_required,,1,,"Reserved cable-data contact; link implementation is deferred. Custom electrical interface, not HDMI compatible."
J4.15,J4,15,JTAG_TDI,,,Assigned · net connected,assigned net connected in native DRC,native_assignment_verified,JTAG_TDI,1,,"This assigned net has no missing connection in the supplied native DRC. This is copper connectivity, not electrical compatibility or a powered test."
J4.16,J4,16,GND,,,Assigned · net connected,assigned net connected in native DRC,native_assignment_verified,GND,1,,"This assigned net has no missing connection in the supplied native DRC. This is copper connectivity, not electrical compatibility or a powered test."
J4.17,J4,17,JTAG_TCK,,,Assigned · net connected,assigned net connected in native DRC,native_assignment_verified,JTAG_TCK,1,,"This assigned net has no missing connection in the supplied native DRC. This is copper connectivity, not electrical compatibility or a powered test."
J4.18,J4,18,JTAG_TDO,,,Assigned · net connected,assigned net connected in native DRC,native_assignment_verified,JTAG_TDO,1,,"This assigned net has no missing connection in the supplied native DRC. This is copper connectivity, not electrical compatibility or a powered test."
J4.19,J4,19,12V,,,Assigned · net connected,assigned net connected in native DRC,native_assignment_verified,LINK_12V,1,,"This assigned net has no missing connection in the supplied native DRC. This is copper connectivity, not electrical compatibility or a powered test."
J4.2,J4,2,JTAG_TMS,,,Assigned · net connected,assigned net connected in native DRC,native_assignment_verified,JTAG_TMS,1,,"This assigned net has no missing connection in the supplied native DRC. This is copper connectivity, not electrical compatibility or a powered test."
J4.3,J4,3,PAIR0_P_RESERVED,,,Reserved · not implemented,reserved — interface implementation required,assignment_required,,1,,"Reserved cable-data contact; link implementation is deferred. Custom electrical interface, not HDMI compatible."
J4.4,J4,4,GND,,,Assigned · net connected,assigned net connected in native DRC,native_assignment_verified,GND,1,,"This assigned net has no missing connection in the supplied native DRC. This is copper connectivity, not electrical compatibility or a powered test."
J4.5,J4,5,PAIR0_N_RESERVED,,,Reserved · not implemented,reserved — interface implementation required,assignment_required,,1,,"Reserved cable-data contact; link implementation is deferred. Custom electrical interface, not HDMI compatible."
J4.6,J4,6,PAIR1_P_RESERVED,,,Reserved · not implemented,reserved — interface implementation required,assignment_required,,1,,"Reserved cable-data contact; link implementation is deferred. Custom electrical interface, not HDMI compatible."
J4.7,J4,7,GND,,,Assigned · net connected,assigned net connected in native DRC,native_assignment_verified,GND,1,,"This assigned net has no missing connection in the supplied native DRC. This is copper connectivity, not electrical compatibility or a powered test."
J4.8,J4,8,PAIR1_N_RESERVED,,,Reserved · not implemented,reserved — interface implementation required,assignment_required,,1,,"Reserved cable-data contact; link implementation is deferred. Custom electrical interface, not HDMI compatible."
J4.9,J4,9,PAIR2_P_RESERVED,,,Reserved · not implemented,reserved — interface implementation required,assignment_required,,1,,"Reserved cable-data contact; link implementation is deferred. Custom electrical interface, not HDMI compatible."
J4.SH,J4,SH,GND,,,Assigned · net connected,assigned net connected in native DRC,native_assignment_verified,GND,4,,"This assigned net has no missing connection in the supplied native DRC. This is copper connectivity, not electrical compatibility or a powered test."
J5.1,J5,1,CONTACT_1,,,Assigned · net connected,assigned net connected in native DRC,native_assignment_verified,ASIC1_DATA1,1,ASIC1_DATA1,"This assigned net has no missing connection in the supplied native DRC. This is copper connectivity, not electrical compatibility or a powered test. Provisional ASIC assignment: electrical limits, physical chip identity, mating continuity and capture timing remain unverified."
J5.10,J5,10,CONTACT_10,,,Assigned · net connected,assigned net connected in native DRC,native_assignment_verified,ASIC1_READ,1,ASIC1_READ,"This assigned net has no missing connection in the supplied native DRC. This is copper connectivity, not electrical compatibility or a powered test. Provisional ASIC assignment: electrical limits, physical chip identity, mating continuity and capture timing remain unverified."
J5.11,J5,11,CONTACT_11,,,Assigned · net connected,assigned net connected in native DRC,native_assignment_verified,ASIC1_SYNC,1,ASIC1_SYNC,"This assigned net has no missing connection in the supplied native DRC. This is copper connectivity, not electrical compatibility or a powered test. Provisional ASIC assignment: electrical limits, physical chip identity, mating continuity and capture timing remain unverified."
J5.12,J5,12,CONTACT_12,,,Assigned · net connected,assigned net connected in native DRC,native_assignment_verified,ASIC2_DATA1,1,ASIC2_DATA1,"This assigned net has no missing connection in the supplied native DRC. This is copper connectivity, not electrical compatibility or a powered test. Provisional ASIC assignment: electrical limits, physical chip identity, mating continuity and capture timing remain unverified."
J5.13,J5,13,CONTACT_13,,,Assigned · net connected,assigned net connected in native DRC,native_assignment_verified,ASIC2_DATA2,1,ASIC2_DATA2,"This assigned net has no missing connection in the supplied native DRC. This is copper connectivity, not electrical compatibility or a powered test. Provisional ASIC assignment: electrical limits, physical chip identity, mating continuity and capture timing remain unverified."
J5.14,J5,14,CONTACT_14,,,Assigned · net connected,assigned net connected in native DRC,native_assignment_verified,ASIC2_DATA3,1,ASIC2_DATA3,"This assigned net has no missing connection in the supplied native DRC. This is copper connectivity, not electrical compatibility or a powered test. Provisional ASIC assignment: electrical limits, physical chip identity, mating continuity and capture timing remain unverified."
J5.15,J5,15,CONTACT_15,,,Assigned · net connected,assigned net connected in native DRC,native_assignment_verified,ASIC2_DATA4,1,ASIC2_DATA4,"This assigned net has no missing connection in the supplied native DRC. This is copper connectivity, not electrical compatibility or a powered test. Provisional ASIC assignment: electrical limits, physical chip identity, mating continuity and capture timing remain unverified."
J5.16,J5,16,CONTACT_16,,,Assigned · net connected,assigned net connected in native DRC,native_assignment_verified,ASIC2_DATA5,1,ASIC2_DATA5,"This assigned net has no missing connection in the supplied native DRC. This is copper connectivity, not electrical compatibility or a powered test. Provisional ASIC assignment: electrical limits, physical chip identity, mating continuity and capture timing remain unverified."
J5.17,J5,17,CONTACT_17,,,Assigned · net connected,assigned net connected in native DRC,native_assignment_verified,ASIC2_DATA6,1,ASIC2_DATA6,"This assigned net has no missing connection in the supplied native DRC. This is copper connectivity, not electrical compatibility or a powered test. Provisional ASIC assignment: electrical limits, physical chip identity, mating continuity and capture timing remain unverified."
J5.18,J5,18,CONTACT_18,,,Assigned · net connected,assigned net connected in native DRC,native_assignment_verified,ASIC2_DATA7,1,ASIC2_DATA7,"This assigned net has no missing connection in the supplied native DRC. This is copper connectivity, not electrical compatibility or a powered test. Provisional ASIC assignment: electrical limits, physical chip identity, mating continuity and capture timing remain unverified."
J5.19,J5,19,CONTACT_19,,,Assigned · net connected,assigned net connected in native DRC,native_assignment_verified,ASIC2_DATA8,1,ASIC2_DATA8,"This assigned net has no missing connection in the supplied native DRC. This is copper connectivity, not electrical compatibility or a powered test. Provisional ASIC assignment: electrical limits, physical chip identity, mating continuity and capture timing remain unverified."
J5.2,J5,2,CONTACT_2,,,Assigned · net connected,assigned net connected in native DRC,native_assignment_verified,ASIC1_DATA2,1,ASIC1_DATA2,"This assigned net has no missing connection in the supplied native DRC. This is copper connectivity, not electrical compatibility or a powered test. Provisional ASIC assignment: electrical limits, physical chip identity, mating continuity and capture timing remain unverified."
J5.20,J5,20,CONTACT_20,,,Assigned · net connected,assigned net connected in native DRC,native_assignment_verified,ASIC2_CLK32MHz_Out,1,ASIC2_CLK32MHz_Out,"This assigned net has no missing connection in the supplied native DRC. This is copper connectivity, not electrical compatibility or a powered test. Provisional ASIC assignment: electrical limits, physical chip identity, mating continuity and capture timing remain unverified."
J5.21,J5,21,CONTACT_21,,,Assigned · net connected,assigned net connected in native DRC,native_assignment_verified,ASIC2_READ,1,ASIC2_READ,"This assigned net has no missing connection in the supplied native DRC. This is copper connectivity, not electrical compatibility or a powered test. Provisional ASIC assignment: electrical limits, physical chip identity, mating continuity and capture timing remain unverified."
J5.22,J5,22,CONTACT_22,,,Assigned · net connected,assigned net connected in native DRC,native_assignment_verified,ASIC2_SYNC,1,ASIC2_SYNC,"This assigned net has no missing connection in the supplied native DRC. This is copper connectivity, not electrical compatibility or a powered test. Provisional ASIC assignment: electrical limits, physical chip identity, mating continuity and capture timing remain unverified."
J5.23,J5,23,CONTACT_23,,,Assigned · net connected,assigned net connected in native DRC,native_assignment_verified,ASIC3_DATA1,1,ASIC3_DATA1,"This assigned net has no missing connection in the supplied native DRC. This is copper connectivity, not electrical compatibility or a powered test. Provisional ASIC assignment: electrical limits, physical chip identity, mating continuity and capture timing remain unverified."
J5.24,J5,24,CONTACT_24,,,Assigned · net connected,assigned net connected in native DRC,native_assignment_verified,ASIC3_DATA2,1,ASIC3_DATA2,"This assigned net has no missing connection in the supplied native DRC. This is copper connectivity, not electrical compatibility or a powered test. Provisional ASIC assignment: electrical limits, physical chip identity, mating continuity and capture timing remain unverified."
J5.25,J5,25,CONTACT_25,,,Assigned · net connected,assigned net connected in native DRC,native_assignment_verified,ASIC3_DATA3,1,ASIC3_DATA3,"This assigned net has no missing connection in the supplied native DRC. This is copper connectivity, not electrical compatibility or a powered test. Provisional ASIC assignment: electrical limits, physical chip identity, mating continuity and capture timing remain unverified."
J5.26,J5,26,CONTACT_26,,,Assigned · net connected,assigned net connected in native DRC,native_assignment_verified,ASIC3_DATA4,1,ASIC3_DATA4,"This assigned net has no missing connection in the supplied native DRC. This is copper connectivity, not electrical compatibility or a powered test. Provisional ASIC assignment: electrical limits, physical chip identity, mating continuity and capture timing remain unverified."
J5.27,J5,27,CONTACT_27,,,Assigned · net connected,assigned net connected in native DRC,native_assignment_verified,ASIC3_DATA5,1,ASIC3_DATA5,"This assigned net has no missing connection in the supplied native DRC. This is copper connectivity, not electrical compatibility or a powered test. Provisional ASIC assignment: electrical limits, physical chip identity, mating continuity and capture timing remain unverified."
J5.28,J5,28,CONTACT_28,,,Assigned · net connected,assigned net connected in native DRC,native_assignment_verified,ASIC3_DATA6,1,ASIC3_DATA6,"This assigned net has no missing connection in the supplied native DRC. This is copper connectivity, not electrical compatibility or a powered test. Provisional ASIC assignment: electrical limits, physical chip identity, mating continuity and capture timing remain unverified."
J5.29,J5,29,CONTACT_29,,,Assigned · net connected,assigned net connected in native DRC,native_assignment_verified,ASIC3_DATA7,1,ASIC3_DATA7,"This assigned net has no missing connection in the supplied native DRC. This is copper connectivity, not electrical compatibility or a powered test. Provisional ASIC assignment: electrical limits, physical chip identity, mating continuity and capture timing remain unverified."
J5.3,J5,3,CONTACT_3,,,Assigned · net connected,assigned net connected in native DRC,native_assignment_verified,ASIC1_DATA3,1,ASIC1_DATA3,"This assigned net has no missing connection in the supplied native DRC. This is copper connectivity, not electrical compatibility or a powered test. Provisional ASIC assignment: electrical limits, physical chip identity, mating continuity and capture timing remain unverified."
J5.30,J5,30,CONTACT_30,,,Assigned · net connected,assigned net connected in native DRC,native_assignment_verified,ASIC3_DATA8,1,ASIC3_DATA8,"This assigned net has no missing connection in the supplied native DRC. This is copper connectivity, not electrical compatibility or a powered test. Provisional ASIC assignment: electrical limits, physical chip identity, mating continuity and capture timing remain unverified."
J5.31,J5,31,CONTACT_31,,,Assigned · net connected,assigned net connected in native DRC,native_assignment_verified,ASIC3_CLK32MHz_Out,1,ASIC3_CLK32MHz_Out,"This assigned net has no missing connection in the supplied native DRC. This is copper connectivity, not electrical compatibility or a powered test. Provisional ASIC assignment: electrical limits, physical chip identity, mating continuity and capture timing remain unverified."
J5.32,J5,32,CONTACT_32,,,Assigned · net connected,assigned net connected in native DRC,native_assignment_verified,ASIC3_READ,1,ASIC3_READ,"This assigned net has no missing connection in the supplied native DRC. This is copper connectivity, not electrical compatibility or a powered test. Provisional ASIC assignment: electrical limits, physical chip identity, mating continuity and capture timing remain unverified."
J5.33,J5,33,CONTACT_33,,,Assigned · net connected,assigned net connected in native DRC,native_assignment_verified,ASIC3_SYNC,1,ASIC3_SYNC,"This assigned net has no missing connection in the supplied native DRC. This is copper connectivity, not electrical compatibility or a powered test. Provisional ASIC assignment: electrical limits, physical chip identity, mating continuity and capture timing remain unverified."
J5.34,J5,34,CONTACT_34,,,Reserved · not implemented,reserved — interface implementation required,assignment_required,,1,,"Reserved mezzanine contact, intentionally left unassigned for now. The 116 candidate digital contacts and one external analog contact are allocated elsewhere; mating orientation and ground returns remain to be verified."
J5.35,J5,35,CONTACT_35,,,Assigned · net connected,assigned net connected in native DRC,native_assignment_verified,ASIC4_DATA2,1,ASIC4_DATA2,"This assigned net has no missing connection in the supplied native DRC. This is copper connectivity, not electrical compatibility or a powered test. Provisional ASIC assignment: electrical limits, physical chip identity, mating continuity and capture timing remain unverified."
J5.36,J5,36,CONTACT_36,,,Assigned · net connected,assigned net connected in native DRC,native_assignment_verified,ASIC4_DATA3,1,ASIC4_DATA3,"This assigned net has no missing connection in the supplied native DRC. This is copper connectivity, not electrical compatibility or a powered test. Provisional ASIC assignment: electrical limits, physical chip identity, mating continuity and capture timing remain unverified."
J5.37,J5,37,CONTACT_37,,,Assigned · net connected,assigned net connected in native DRC,native_assignment_verified,ASIC4_DATA4,1,ASIC4_DATA4,"This assigned net has no missing connection in the supplied native DRC. This is copper connectivity, not electrical compatibility or a powered test. Provisional ASIC assignment: electrical limits, physical chip identity, mating continuity and capture timing remain unverified."
J5.38,J5,38,CONTACT_38,,,Assigned · net connected,assigned net connected in native DRC,native_assignment_verified,ASIC4_DATA5,1,ASIC4_DATA5,"This assigned net has no missing connection in the supplied native DRC. This is copper connectivity, not electrical compatibility or a powered test. Provisional ASIC assignment: electrical limits, physical chip identity, mating continuity and capture timing remain unverified."
J5.39,J5,39,CONTACT_39,,,Assigned · net connected,assigned net connected in native DRC,native_assignment_verified,ASIC4_DATA6,1,ASIC4_DATA6,"This assigned net has no missing connection in the supplied native DRC. This is copper connectivity, not electrical compatibility or a powered test. Provisional ASIC assignment: electrical limits, physical chip identity, mating continuity and capture timing remain unverified."
J5.4,J5,4,CONTACT_4,,,Assigned · net connected,assigned net connected in native DRC,native_assignment_verified,ASIC1_DATA4,1,ASIC1_DATA4,"This assigned net has no missing connection in the supplied native DRC. This is copper connectivity, not electrical compatibility or a powered test. Provisional ASIC assignment: electrical limits, physical chip identity, mating continuity and capture timing remain unverified."
J5.40,J5,40,CONTACT_40,,,Assigned · net connected,assigned net connected in native DRC,native_assignment_verified,ASIC4_DATA7,1,ASIC4_DATA7,"This assigned net has no missing connection in the supplied native DRC. This is copper connectivity, not electrical compatibility or a powered test. Provisional ASIC assignment: electrical limits, physical chip identity, mating continuity and capture timing remain unverified."
J5.41,J5,41,CONTACT_41,,,Assigned · net connected,assigned net connected in native DRC,native_assignment_verified,ASIC4_DATA8,1,ASIC4_DATA8,"This assigned net has no missing connection in the supplied native DRC. This is copper connectivity, not electrical compatibility or a powered test. Provisional ASIC assignment: electrical limits, physical chip identity, mating continuity and capture timing remain unverified."
J5.42,J5,42,CONTACT_42,,,Assigned · net connected,assigned net connected in native DRC,native_assignment_verified,ASIC4_CLK32MHz_Out,1,ASIC4_CLK32MHz_Out,"This assigned net has no missing connection in the supplied native DRC. This is copper connectivity, not electrical compatibility or a powered test. Provisional ASIC assignment: electrical limits, physical chip identity, mating continuity and capture timing remain unverified."
J5.43,J5,43,CONTACT_43,,,Assigned · net connected,assigned net connected in native DRC,native_assignment_verified,ASIC4_READ,1,ASIC4_READ,"This assigned net has no missing connection in the supplied native DRC. This is copper connectivity, not electrical compatibility or a powered test. Provisional ASIC assignment: electrical limits, physical chip identity, mating continuity and capture timing remain unverified."
J5.44,J5,44,CONTACT_44,,,Assigned · net connected,assigned net connected in native DRC,native_assignment_verified,ASIC4_SYNC,1,ASIC4_SYNC,"This assigned net has no missing connection in the supplied native DRC. This is copper connectivity, not electrical compatibility or a powered test. Provisional ASIC assignment: electrical limits, physical chip identity, mating continuity and capture timing remain unverified."
J5.45,J5,45,CONTACT_45,,,Assigned · net connected,assigned net connected in native DRC,native_assignment_verified,CHIP_RESET_SHARED,1,CHIP_RESET_SHARED,"This assigned net has no missing connection in the supplied native DRC. This is copper connectivity, not electrical compatibility or a powered test. Provisional ASIC assignment: electrical limits, physical chip identity, mating continuity and capture timing remain unverified."
J5.46,J5,46,CONTACT_46,,,Analog reserved · external source,analog reserved — external source required; no FPGA connection,analog_external_source_required,AC_IN_ANALOG_RESERVED,1,,"AC_IN is an analog 0–1.5 V ASIC input. This contact is reserved for a source on the routing/ASIC side; it has no FPGA GPIO connection. The source circuit, return/reference and loading still require design. A single named pad with no DRC airwire is not a working analog source."
J5.47,J5,47,CONTACT_47,,,Assigned · net connected,assigned net connected in native DRC,provisional_digital_1v5_polarity_unverified,IMP_TST_SHARED,1,IMP_TST_SHARED,"This assigned net has no missing connection in the supplied native DRC. This is copper connectivity, not electrical compatibility or a powered test. Provisional ASIC assignment: electrical limits, physical chip identity, mating continuity and capture timing remain unverified. IMP_TST is provisionally treated as a 0/1.5 V digital output; inactive polarity and timing remain unverified."
J5.48,J5,48,CONTACT_48,,,Assigned · net connected,assigned net connected in native DRC,native_assignment_verified,FE_RESET_SHARED,1,FE_RESET_SHARED,"This assigned net has no missing connection in the supplied native DRC. This is copper connectivity, not electrical compatibility or a powered test. Provisional ASIC assignment: electrical limits, physical chip identity, mating continuity and capture timing remain unverified."
J5.49,J5,49,CONTACT_49,,,Assigned · net connected,assigned net connected in native DRC,native_assignment_verified,SPI_LATCH_SHARED,1,SPI_LATCH_SHARED,"This assigned net has no missing connection in the supplied native DRC. This is copper connectivity, not electrical compatibility or a powered test. Provisional ASIC assignment: electrical limits, physical chip identity, mating continuity and capture timing remain unverified."
J5.5,J5,5,CONTACT_5,,,Assigned · net connected,assigned net connected in native DRC,native_assignment_verified,ASIC1_DATA5,1,ASIC1_DATA5,"This assigned net has no missing connection in the supplied native DRC. This is copper connectivity, not electrical compatibility or a powered test. Provisional ASIC assignment: electrical limits, physical chip identity, mating continuity and capture timing remain unverified."
J5.50,J5,50,CONTACT_50,,,Assigned · net connected,assigned net connected in native DRC,native_assignment_verified,STIM_CLK_SHARED,1,STIM_CLK_SHARED,"This assigned net has no missing connection in the supplied native DRC. This is copper connectivity, not electrical compatibility or a powered test. Provisional ASIC assignment: electrical limits, physical chip identity, mating continuity and capture timing remain unverified."
J5.51,J5,51,CONTACT_51,,,Assigned · net connected,assigned net connected in native DRC,native_assignment_verified,STIM_START_SHARED,1,STIM_START_SHARED,"This assigned net has no missing connection in the supplied native DRC. This is copper connectivity, not electrical compatibility or a powered test. Provisional ASIC assignment: electrical limits, physical chip identity, mating continuity and capture timing remain unverified."
J5.52,J5,52,CONTACT_52,,,Assigned · net connected,assigned net connected in native DRC,native_assignment_verified,STIM_EN_SHARED,1,STIM_EN_SHARED,"This assigned net has no missing connection in the supplied native DRC. This is copper connectivity, not electrical compatibility or a powered test. Provisional ASIC assignment: electrical limits, physical chip identity, mating continuity and capture timing remain unverified."
J5.53,J5,53,CONTACT_53,,,Assigned · net connected,assigned net connected in native DRC,native_assignment_verified,STIM_CHB_SHARED,1,STIM_CHB_SHARED,"This assigned net has no missing connection in the supplied native DRC. This is copper connectivity, not electrical compatibility or a powered test. Provisional ASIC assignment: electrical limits, physical chip identity, mating continuity and capture timing remain unverified."
J5.54,J5,54,CONTACT_54,,,Assigned · net connected,assigned net connected in native DRC,native_assignment_verified,BOARD1_CLK,1,BOARD1_CLK,"This assigned net has no missing connection in the supplied native DRC. This is copper connectivity, not electrical compatibility or a powered test. Provisional ASIC assignment: electrical limits, physical chip identity, mating continuity and capture timing remain unverified."
J5.55,J5,55,CONTACT_55,,,Assigned · net connected,assigned net connected in native DRC,native_assignment_verified,BOARD2_CLK,1,BOARD2_CLK,"This assigned net has no missing connection in the supplied native DRC. This is copper connectivity, not electrical compatibility or a powered test. Provisional ASIC assignment: electrical limits, physical chip identity, mating continuity and capture timing remain unverified."
J5.56,J5,56,CONTACT_56,,,Assigned · net connected,assigned net connected in native DRC,native_assignment_verified,BOARD3_CLK,1,BOARD3_CLK,"This assigned net has no missing connection in the supplied native DRC. This is copper connectivity, not electrical compatibility or a powered test. Provisional ASIC assignment: electrical limits, physical chip identity, mating continuity and capture timing remain unverified."
J5.57,J5,57,CONTACT_57,,,Assigned · net connected,assigned net connected in native DRC,native_assignment_verified,BOARD4_CLK,1,BOARD4_CLK,"This assigned net has no missing connection in the supplied native DRC. This is copper connectivity, not electrical compatibility or a powered test. Provisional ASIC assignment: electrical limits, physical chip identity, mating continuity and capture timing remain unverified."
J5.58,J5,58,CONTACT_58,,,Assigned · net connected,assigned net connected in native DRC,native_assignment_verified,BOARD1_SPI_CLK,1,BOARD1_SPI_CLK,"This assigned net has no missing connection in the supplied native DRC. This is copper connectivity, not electrical compatibility or a powered test. Provisional ASIC assignment: electrical limits, physical chip identity, mating continuity and capture timing remain unverified."
J5.59,J5,59,CONTACT_59,,,Assigned · net connected,assigned net connected in native DRC,native_assignment_verified,BOARD2_SPI_CLK,1,BOARD2_SPI_CLK,"This assigned net has no missing connection in the supplied native DRC. This is copper connectivity, not electrical compatibility or a powered test. Provisional ASIC assignment: electrical limits, physical chip identity, mating continuity and capture timing remain unverified."
J5.6,J5,6,CONTACT_6,,,Assigned · net connected,assigned net connected in native DRC,native_assignment_verified,ASIC1_DATA6,1,ASIC1_DATA6,"This assigned net has no missing connection in the supplied native DRC. This is copper connectivity, not electrical compatibility or a powered test. Provisional ASIC assignment: electrical limits, physical chip identity, mating continuity and capture timing remain unverified."
J5.60,J5,60,CONTACT_60,,,Assigned · net connected,assigned net connected in native DRC,native_assignment_verified,BOARD3_SPI_CLK,1,BOARD3_SPI_CLK,"This assigned net has no missing connection in the supplied native DRC. This is copper connectivity, not electrical compatibility or a powered test. Provisional ASIC assignment: electrical limits, physical chip identity, mating continuity and capture timing remain unverified."
J5.7,J5,7,CONTACT_7,,,Assigned · net connected,assigned net connected in native DRC,native_assignment_verified,ASIC1_DATA7,1,ASIC1_DATA7,"This assigned net has no missing connection in the supplied native DRC. This is copper connectivity, not electrical compatibility or a powered test. Provisional ASIC assignment: electrical limits, physical chip identity, mating continuity and capture timing remain unverified."
J5.8,J5,8,CONTACT_8,,,Assigned · net connected,assigned net connected in native DRC,native_assignment_verified,ASIC1_DATA8,1,ASIC1_DATA8,"This assigned net has no missing connection in the supplied native DRC. This is copper connectivity, not electrical compatibility or a powered test. Provisional ASIC assignment: electrical limits, physical chip identity, mating continuity and capture timing remain unverified."
J5.9,J5,9,CONTACT_9,,,Assigned · net connected,assigned net connected in native DRC,native_assignment_verified,ASIC1_CLK32MHz_Out,1,ASIC1_CLK32MHz_Out,"This assigned net has no missing connection in the supplied native DRC. This is copper connectivity, not electrical compatibility or a powered test. Provisional ASIC assignment: electrical limits, physical chip identity, mating continuity and capture timing remain unverified."
J5.G,J5,G,GROUND_BLADE,,,Assigned · net connected,assigned net connected in native DRC,native_assignment_verified,GND,4,,"This assigned net has no missing connection in the supplied native DRC. This is copper connectivity, not electrical compatibility or a powered test."
J6.1,J6,1,CONTACT_1,,,Assigned · net connected,assigned net connected in native DRC,native_assignment_verified,ASIC5_DATA1,1,ASIC5_DATA1,"This assigned net has no missing connection in the supplied native DRC. This is copper connectivity, not electrical compatibility or a powered test. Provisional ASIC assignment: electrical limits, physical chip identity, mating continuity and capture timing remain unverified."
J6.10,J6,10,CONTACT_10,,,Assigned · net connected,assigned net connected in native DRC,native_assignment_verified,ASIC5_READ,1,ASIC5_READ,"This assigned net has no missing connection in the supplied native DRC. This is copper connectivity, not electrical compatibility or a powered test. Provisional ASIC assignment: electrical limits, physical chip identity, mating continuity and capture timing remain unverified."
J6.11,J6,11,CONTACT_11,,,Assigned · net connected,assigned net connected in native DRC,native_assignment_verified,ASIC5_SYNC,1,ASIC5_SYNC,"This assigned net has no missing connection in the supplied native DRC. This is copper connectivity, not electrical compatibility or a powered test. Provisional ASIC assignment: electrical limits, physical chip identity, mating continuity and capture timing remain unverified."
J6.12,J6,12,CONTACT_12,,,Assigned · net connected,assigned net connected in native DRC,native_assignment_verified,ASIC6_DATA1,1,ASIC6_DATA1,"This assigned net has no missing connection in the supplied native DRC. This is copper connectivity, not electrical compatibility or a powered test. Provisional ASIC assignment: electrical limits, physical chip identity, mating continuity and capture timing remain unverified."
J6.13,J6,13,CONTACT_13,,,Assigned · net connected,assigned net connected in native DRC,native_assignment_verified,ASIC6_DATA2,1,ASIC6_DATA2,"This assigned net has no missing connection in the supplied native DRC. This is copper connectivity, not electrical compatibility or a powered test. Provisional ASIC assignment: electrical limits, physical chip identity, mating continuity and capture timing remain unverified."
J6.14,J6,14,CONTACT_14,,,Assigned · net connected,assigned net connected in native DRC,native_assignment_verified,ASIC6_DATA3,1,ASIC6_DATA3,"This assigned net has no missing connection in the supplied native DRC. This is copper connectivity, not electrical compatibility or a powered test. Provisional ASIC assignment: electrical limits, physical chip identity, mating continuity and capture timing remain unverified."
J6.15,J6,15,CONTACT_15,,,Assigned · net connected,assigned net connected in native DRC,native_assignment_verified,ASIC6_DATA4,1,ASIC6_DATA4,"This assigned net has no missing connection in the supplied native DRC. This is copper connectivity, not electrical compatibility or a powered test. Provisional ASIC assignment: electrical limits, physical chip identity, mating continuity and capture timing remain unverified."
J6.16,J6,16,CONTACT_16,,,Assigned · net connected,assigned net connected in native DRC,native_assignment_verified,ASIC6_DATA5,1,ASIC6_DATA5,"This assigned net has no missing connection in the supplied native DRC. This is copper connectivity, not electrical compatibility or a powered test. Provisional ASIC assignment: electrical limits, physical chip identity, mating continuity and capture timing remain unverified."
J6.17,J6,17,CONTACT_17,,,Assigned · net connected,assigned net connected in native DRC,native_assignment_verified,ASIC6_DATA6,1,ASIC6_DATA6,"This assigned net has no missing connection in the supplied native DRC. This is copper connectivity, not electrical compatibility or a powered test. Provisional ASIC assignment: electrical limits, physical chip identity, mating continuity and capture timing remain unverified."
J6.18,J6,18,CONTACT_18,,,Assigned · net connected,assigned net connected in native DRC,native_assignment_verified,ASIC6_DATA7,1,ASIC6_DATA7,"This assigned net has no missing connection in the supplied native DRC. This is copper connectivity, not electrical compatibility or a powered test. Provisional ASIC assignment: electrical limits, physical chip identity, mating continuity and capture timing remain unverified."
J6.19,J6,19,CONTACT_19,,,Assigned · net connected,assigned net connected in native DRC,native_assignment_verified,ASIC6_DATA8,1,ASIC6_DATA8,"This assigned net has no missing connection in the supplied native DRC. This is copper connectivity, not electrical compatibility or a powered test. Provisional ASIC assignment: electrical limits, physical chip identity, mating continuity and capture timing remain unverified."
J6.2,J6,2,CONTACT_2,,,Assigned · net connected,assigned net connected in native DRC,native_assignment_verified,ASIC5_DATA2,1,ASIC5_DATA2,"This assigned net has no missing connection in the supplied native DRC. This is copper connectivity, not electrical compatibility or a powered test. Provisional ASIC assignment: electrical limits, physical chip identity, mating continuity and capture timing remain unverified."
J6.20,J6,20,CONTACT_20,,,Assigned · net connected,assigned net connected in native DRC,native_assignment_verified,ASIC6_CLK32MHz_Out,1,ASIC6_CLK32MHz_Out,"This assigned net has no missing connection in the supplied native DRC. This is copper connectivity, not electrical compatibility or a powered test. Provisional ASIC assignment: electrical limits, physical chip identity, mating continuity and capture timing remain unverified."
J6.21,J6,21,CONTACT_21,,,Assigned · net connected,assigned net connected in native DRC,native_assignment_verified,ASIC6_READ,1,ASIC6_READ,"This assigned net has no missing connection in the supplied native DRC. This is copper connectivity, not electrical compatibility or a powered test. Provisional ASIC assignment: electrical limits, physical chip identity, mating continuity and capture timing remain unverified."
J6.22,J6,22,CONTACT_22,,,Assigned · net connected,assigned net connected in native DRC,native_assignment_verified,ASIC6_SYNC,1,ASIC6_SYNC,"This assigned net has no missing connection in the supplied native DRC. This is copper connectivity, not electrical compatibility or a powered test. Provisional ASIC assignment: electrical limits, physical chip identity, mating continuity and capture timing remain unverified."
J6.23,J6,23,CONTACT_23,,,Assigned · net connected,assigned net connected in native DRC,native_assignment_verified,ASIC7_DATA1,1,ASIC7_DATA1,"This assigned net has no missing connection in the supplied native DRC. This is copper connectivity, not electrical compatibility or a powered test. Provisional ASIC assignment: electrical limits, physical chip identity, mating continuity and capture timing remain unverified."
J6.24,J6,24,CONTACT_24,,,Assigned · net connected,assigned net connected in native DRC,native_assignment_verified,ASIC7_DATA2,1,ASIC7_DATA2,"This assigned net has no missing connection in the supplied native DRC. This is copper connectivity, not electrical compatibility or a powered test. Provisional ASIC assignment: electrical limits, physical chip identity, mating continuity and capture timing remain unverified."
J6.25,J6,25,CONTACT_25,,,Assigned · net connected,assigned net connected in native DRC,native_assignment_verified,ASIC7_DATA3,1,ASIC7_DATA3,"This assigned net has no missing connection in the supplied native DRC. This is copper connectivity, not electrical compatibility or a powered test. Provisional ASIC assignment: electrical limits, physical chip identity, mating continuity and capture timing remain unverified."
J6.26,J6,26,CONTACT_26,,,Assigned · net connected,assigned net connected in native DRC,native_assignment_verified,ASIC7_DATA4,1,ASIC7_DATA4,"This assigned net has no missing connection in the supplied native DRC. This is copper connectivity, not electrical compatibility or a powered test. Provisional ASIC assignment: electrical limits, physical chip identity, mating continuity and capture timing remain unverified."
J6.27,J6,27,CONTACT_27,,,Assigned · net connected,assigned net connected in native DRC,native_assignment_verified,ASIC7_DATA5,1,ASIC7_DATA5,"This assigned net has no missing connection in the supplied native DRC. This is copper connectivity, not electrical compatibility or a powered test. Provisional ASIC assignment: electrical limits, physical chip identity, mating continuity and capture timing remain unverified."
J6.28,J6,28,CONTACT_28,,,Assigned · net connected,assigned net connected in native DRC,native_assignment_verified,ASIC7_DATA6,1,ASIC7_DATA6,"This assigned net has no missing connection in the supplied native DRC. This is copper connectivity, not electrical compatibility or a powered test. Provisional ASIC assignment: electrical limits, physical chip identity, mating continuity and capture timing remain unverified."
J6.29,J6,29,CONTACT_29,,,Assigned · net connected,assigned net connected in native DRC,native_assignment_verified,ASIC7_DATA7,1,ASIC7_DATA7,"This assigned net has no missing connection in the supplied native DRC. This is copper connectivity, not electrical compatibility or a powered test. Provisional ASIC assignment: electrical limits, physical chip identity, mating continuity and capture timing remain unverified."
J6.3,J6,3,CONTACT_3,,,Assigned · net connected,assigned net connected in native DRC,native_assignment_verified,ASIC5_DATA3,1,ASIC5_DATA3,"This assigned net has no missing connection in the supplied native DRC. This is copper connectivity, not electrical compatibility or a powered test. Provisional ASIC assignment: electrical limits, physical chip identity, mating continuity and capture timing remain unverified."
J6.30,J6,30,CONTACT_30,,,Assigned · net connected,assigned net connected in native DRC,native_assignment_verified,ASIC7_DATA8,1,ASIC7_DATA8,"This assigned net has no missing connection in the supplied native DRC. This is copper connectivity, not electrical compatibility or a powered test. Provisional ASIC assignment: electrical limits, physical chip identity, mating continuity and capture timing remain unverified."
J6.31,J6,31,CONTACT_31,,,Assigned · net connected,assigned net connected in native DRC,native_assignment_verified,ASIC7_CLK32MHz_Out,1,ASIC7_CLK32MHz_Out,"This assigned net has no missing connection in the supplied native DRC. This is copper connectivity, not electrical compatibility or a powered test. Provisional ASIC assignment: electrical limits, physical chip identity, mating continuity and capture timing remain unverified."
J6.32,J6,32,CONTACT_32,,,Assigned · net connected,assigned net connected in native DRC,native_assignment_verified,ASIC7_READ,1,ASIC7_READ,"This assigned net has no missing connection in the supplied native DRC. This is copper connectivity, not electrical compatibility or a powered test. Provisional ASIC assignment: electrical limits, physical chip identity, mating continuity and capture timing remain unverified."
J6.33,J6,33,CONTACT_33,,,Assigned · net connected,assigned net connected in native DRC,native_assignment_verified,ASIC7_SYNC,1,ASIC7_SYNC,"This assigned net has no missing connection in the supplied native DRC. This is copper connectivity, not electrical compatibility or a powered test. Provisional ASIC assignment: electrical limits, physical chip identity, mating continuity and capture timing remain unverified."
J6.34,J6,34,CONTACT_34,,,Assigned · net connected,assigned net connected in native DRC,native_assignment_verified,ASIC8_DATA1,1,ASIC8_DATA1,"This assigned net has no missing connection in the supplied native DRC. This is copper connectivity, not electrical compatibility or a powered test. Provisional ASIC assignment: electrical limits, physical chip identity, mating continuity and capture timing remain unverified."
J6.35,J6,35,CONTACT_35,,,Assigned · net connected,assigned net connected in native DRC,native_assignment_verified,ASIC8_DATA2,1,ASIC8_DATA2,"This assigned net has no missing connection in the supplied native DRC. This is copper connectivity, not electrical compatibility or a powered test. Provisional ASIC assignment: electrical limits, physical chip identity, mating continuity and capture timing remain unverified."
J6.36,J6,36,CONTACT_36,,,Assigned · net connected,assigned net connected in native DRC,native_assignment_verified,ASIC8_DATA3,1,ASIC8_DATA3,"This assigned net has no missing connection in the supplied native DRC. This is copper connectivity, not electrical compatibility or a powered test. Provisional ASIC assignment: electrical limits, physical chip identity, mating continuity and capture timing remain unverified."
J6.37,J6,37,CONTACT_37,,,Reserved · not implemented,reserved — interface implementation required,assignment_required,,1,,"Reserved mezzanine contact, intentionally left unassigned for now. The 116 candidate digital contacts and one external analog contact are allocated elsewhere; mating orientation and ground returns remain to be verified."
J6.38,J6,38,CONTACT_38,,,Assigned · net connected,assigned net connected in native DRC,native_assignment_verified,ASIC8_DATA5,1,ASIC8_DATA5,"This assigned net has no missing connection in the supplied native DRC. This is copper connectivity, not electrical compatibility or a powered test. Provisional ASIC assignment: electrical limits, physical chip identity, mating continuity and capture timing remain unverified."
J6.39,J6,39,CONTACT_39,,,Assigned · net connected,assigned net connected in native DRC,native_assignment_verified,ASIC8_DATA6,1,ASIC8_DATA6,"This assigned net has no missing connection in the supplied native DRC. This is copper connectivity, not electrical compatibility or a powered test. Provisional ASIC assignment: electrical limits, physical chip identity, mating continuity and capture timing remain unverified."
J6.4,J6,4,CONTACT_4,,,Assigned · net connected,assigned net connected in native DRC,native_assignment_verified,ASIC5_DATA4,1,ASIC5_DATA4,"This assigned net has no missing connection in the supplied native DRC. This is copper connectivity, not electrical compatibility or a powered test. Provisional ASIC assignment: electrical limits, physical chip identity, mating continuity and capture timing remain unverified."
J6.40,J6,40,CONTACT_40,,,Assigned · net connected,assigned net connected in native DRC,native_assignment_verified,ASIC8_DATA7,1,ASIC8_DATA7,"This assigned net has no missing connection in the supplied native DRC. This is copper connectivity, not electrical compatibility or a powered test. Provisional ASIC assignment: electrical limits, physical chip identity, mating continuity and capture timing remain unverified."
J6.41,J6,41,CONTACT_41,,,Assigned · net connected,assigned net connected in native DRC,native_assignment_verified,ASIC8_DATA8,1,ASIC8_DATA8,"This assigned net has no missing connection in the supplied native DRC. This is copper connectivity, not electrical compatibility or a powered test. Provisional ASIC assignment: electrical limits, physical chip identity, mating continuity and capture timing remain unverified."
J6.42,J6,42,CONTACT_42,,,Assigned · net connected,assigned net connected in native DRC,native_assignment_verified,ASIC8_CLK32MHz_Out,1,ASIC8_CLK32MHz_Out,"This assigned net has no missing connection in the supplied native DRC. This is copper connectivity, not electrical compatibility or a powered test. Provisional ASIC assignment: electrical limits, physical chip identity, mating continuity and capture timing remain unverified."
J6.43,J6,43,CONTACT_43,,,Assigned · net connected,assigned net connected in native DRC,native_assignment_verified,ASIC8_READ,1,ASIC8_READ,"This assigned net has no missing connection in the supplied native DRC. This is copper connectivity, not electrical compatibility or a powered test. Provisional ASIC assignment: electrical limits, physical chip identity, mating continuity and capture timing remain unverified."
J6.44,J6,44,CONTACT_44,,,Assigned · net connected,assigned net connected in native DRC,native_assignment_verified,ASIC8_SYNC,1,ASIC8_SYNC,"This assigned net has no missing connection in the supplied native DRC. This is copper connectivity, not electrical compatibility or a powered test. Provisional ASIC assignment: electrical limits, physical chip identity, mating continuity and capture timing remain unverified."
J6.45,J6,45,CONTACT_45,,,Assigned · net connected,assigned net connected in native DRC,native_assignment_verified,BOARD4_SPI_CLK,1,BOARD4_SPI_CLK,"This assigned net has no missing connection in the supplied native DRC. This is copper connectivity, not electrical compatibility or a powered test. Provisional ASIC assignment: electrical limits, physical chip identity, mating continuity and capture timing remain unverified."
J6.46,J6,46,CONTACT_46,,,Assigned · net connected,assigned net connected in native DRC,native_assignment_verified,STIM_CHIP1_SPI_DL,1,STIM_CHIP1_SPI_DL,"This assigned net has no missing connection in the supplied native DRC. This is copper connectivity, not electrical compatibility or a powered test. Provisional ASIC assignment: electrical limits, physical chip identity, mating continuity and capture timing remain unverified."
J6.47,J6,47,CONTACT_47,,,Assigned · net connected,assigned net connected in native DRC,native_assignment_verified,STIM_CHIP1_SPI_DR,1,STIM_CHIP1_SPI_DR,"This assigned net has no missing connection in the supplied native DRC. This is copper connectivity, not electrical compatibility or a powered test. Provisional ASIC assignment: electrical limits, physical chip identity, mating continuity and capture timing remain unverified."
J6.48,J6,48,CONTACT_48,,,Assigned · net connected,assigned net connected in native DRC,native_assignment_verified,STIM_CHIP2_SPI_DL,1,STIM_CHIP2_SPI_DL,"This assigned net has no missing connection in the supplied native DRC. This is copper connectivity, not electrical compatibility or a powered test. Provisional ASIC assignment: electrical limits, physical chip identity, mating continuity and capture timing remain unverified."
J6.49,J6,49,CONTACT_49,,,Assigned · net connected,assigned net connected in native DRC,native_assignment_verified,STIM_CHIP2_SPI_DR,1,STIM_CHIP2_SPI_DR,"This assigned net has no missing connection in the supplied native DRC. This is copper connectivity, not electrical compatibility or a powered test. Provisional ASIC assignment: electrical limits, physical chip identity, mating continuity and capture timing remain unverified."
J6.5,J6,5,CONTACT_5,,,Assigned · net connected,assigned net connected in native DRC,native_assignment_verified,ASIC5_DATA5,1,ASIC5_DATA5,"This assigned net has no missing connection in the supplied native DRC. This is copper connectivity, not electrical compatibility or a powered test. Provisional ASIC assignment: electrical limits, physical chip identity, mating continuity and capture timing remain unverified."
J6.50,J6,50,CONTACT_50,,,Assigned · net connected,assigned net connected in native DRC,native_assignment_verified,STIM_CHIP3_SPI_DL,1,STIM_CHIP3_SPI_DL,"This assigned net has no missing connection in the supplied native DRC. This is copper connectivity, not electrical compatibility or a powered test. Provisional ASIC assignment: electrical limits, physical chip identity, mating continuity and capture timing remain unverified."
J6.51,J6,51,CONTACT_51,,,Assigned · net connected,assigned net connected in native DRC,native_assignment_verified,STIM_CHIP3_SPI_DR,1,STIM_CHIP3_SPI_DR,"This assigned net has no missing connection in the supplied native DRC. This is copper connectivity, not electrical compatibility or a powered test. Provisional ASIC assignment: electrical limits, physical chip identity, mating continuity and capture timing remain unverified."
J6.52,J6,52,CONTACT_52,,,Assigned · net connected,assigned net connected in native DRC,native_assignment_verified,STIM_CHIP4_SPI_DL,1,STIM_CHIP4_SPI_DL,"This assigned net has no missing connection in the supplied native DRC. This is copper connectivity, not electrical compatibility or a powered test. Provisional ASIC assignment: electrical limits, physical chip identity, mating continuity and capture timing remain unverified."
J6.53,J6,53,CONTACT_53,,,Assigned · net connected,assigned net connected in native DRC,native_assignment_verified,STIM_CHIP4_SPI_DR,1,STIM_CHIP4_SPI_DR,"This assigned net has no missing connection in the supplied native DRC. This is copper connectivity, not electrical compatibility or a powered test. Provisional ASIC assignment: electrical limits, physical chip identity, mating continuity and capture timing remain unverified."
J6.54,J6,54,CONTACT_54,,,Assigned · net connected,assigned net connected in native DRC,native_assignment_verified,NONSTIM_BOARD1_SPI_DL,1,NONSTIM_BOARD1_SPI_DL,"This assigned net has no missing connection in the supplied native DRC. This is copper connectivity, not electrical compatibility or a powered test. Provisional ASIC assignment: electrical limits, physical chip identity, mating continuity and capture timing remain unverified."
J6.55,J6,55,CONTACT_55,,,Assigned · net connected,assigned net connected in native DRC,native_assignment_verified,NONSTIM_BOARD1_SPI_DR,1,NONSTIM_BOARD1_SPI_DR,"This assigned net has no missing connection in the supplied native DRC. This is copper connectivity, not electrical compatibility or a powered test. Provisional ASIC assignment: electrical limits, physical chip identity, mating continuity and capture timing remain unverified."
J6.56,J6,56,CONTACT_56,,,Assigned · net connected,assigned net connected in native DRC,native_assignment_verified,NONSTIM_BOARD2_SPI_DL,1,NONSTIM_BOARD2_SPI_DL,"This assigned net has no missing connection in the supplied native DRC. This is copper connectivity, not electrical compatibility or a powered test. Provisional ASIC assignment: electrical limits, physical chip identity, mating continuity and capture timing remain unverified."
J6.57,J6,57,CONTACT_57,,,Assigned · net connected,assigned net connected in native DRC,native_assignment_verified,NONSTIM_BOARD2_SPI_DR,1,NONSTIM_BOARD2_SPI_DR,"This assigned net has no missing connection in the supplied native DRC. This is copper connectivity, not electrical compatibility or a powered test. Provisional ASIC assignment: electrical limits, physical chip identity, mating continuity and capture timing remain unverified."
J6.58,J6,58,CONTACT_58,,,Assigned · net connected,assigned net connected in native DRC,native_assignment_verified,ASIC8_DATA4,1,ASIC8_DATA4,"This assigned net has no missing connection in the supplied native DRC. This is copper connectivity, not electrical compatibility or a powered test. Provisional ASIC assignment: electrical limits, physical chip identity, mating continuity and capture timing remain unverified."
J6.59,J6,59,CONTACT_59,,,Reserved · not implemented,reserved — interface implementation required,assignment_required,,1,,"Reserved mezzanine contact, intentionally left unassigned for now. The 116 candidate digital contacts and one external analog contact are allocated elsewhere; mating orientation and ground returns remain to be verified."
J6.6,J6,6,CONTACT_6,,,Assigned · net connected,assigned net connected in native DRC,native_assignment_verified,ASIC5_DATA6,1,ASIC5_DATA6,"This assigned net has no missing connection in the supplied native DRC. This is copper connectivity, not electrical compatibility or a powered test. Provisional ASIC assignment: electrical limits, physical chip identity, mating continuity and capture timing remain unverified."
J6.60,J6,60,CONTACT_60,,,Assigned · net connected,assigned net connected in native DRC,native_assignment_verified,ASIC4_DATA1,1,ASIC4_DATA1,"This assigned net has no missing connection in the supplied native DRC. This is copper connectivity, not electrical compatibility or a powered test. Provisional ASIC assignment: electrical limits, physical chip identity, mating continuity and capture timing remain unverified."
J6.7,J6,7,CONTACT_7,,,Assigned · net connected,assigned net connected in native DRC,native_assignment_verified,ASIC5_DATA7,1,ASIC5_DATA7,"This assigned net has no missing connection in the supplied native DRC. This is copper connectivity, not electrical compatibility or a powered test. Provisional ASIC assignment: electrical limits, physical chip identity, mating continuity and capture timing remain unverified."
J6.8,J6,8,CONTACT_8,,,Assigned · net connected,assigned net connected in native DRC,native_assignment_verified,ASIC5_DATA8,1,ASIC5_DATA8,"This assigned net has no missing connection in the supplied native DRC. This is copper connectivity, not electrical compatibility or a powered test. Provisional ASIC assignment: electrical limits, physical chip identity, mating continuity and capture timing remain unverified."
J6.9,J6,9,CONTACT_9,,,Assigned · net connected,assigned net connected in native DRC,native_assignment_verified,ASIC5_CLK32MHz_Out,1,ASIC5_CLK32MHz_Out,"This assigned net has no missing connection in the supplied native DRC. This is copper connectivity, not electrical compatibility or a powered test. Provisional ASIC assignment: electrical limits, physical chip identity, mating continuity and capture timing remain unverified."
J6.G,J6,G,GROUND_BLADE,,,Assigned · net connected,assigned net connected in native DRC,native_assignment_verified,GND,4,,"This assigned net has no missing connection in the supplied native DRC. This is copper connectivity, not electrical compatibility or a powered test."
L1.1,L1,1,1,,,Assigned · net connected,assigned net connected in native DRC,native_assignment_verified,SW_CORE,1,,"This assigned net has no missing connection in the supplied native DRC. This is copper connectivity, not electrical compatibility or a powered test."
L1.2,L1,2,2,,,Assigned · net connected,assigned net connected in native DRC,native_assignment_verified,VCORE_REG_1V025,1,,"This assigned net has no missing connection in the supplied native DRC. This is copper connectivity, not electrical compatibility or a powered test."
L2.1,L2,1,1,,,Assigned · net connected,assigned net connected in native DRC,native_assignment_verified,SW_AUX,1,,"This assigned net has no missing connection in the supplied native DRC. This is copper connectivity, not electrical compatibility or a powered test."
L2.2,L2,2,2,,,Assigned · net connected,assigned net connected in native DRC,native_assignment_verified,VAUX_REG_1V803,1,,"This assigned net has no missing connection in the supplied native DRC. This is copper connectivity, not electrical compatibility or a powered test."
L3.1,L3,1,1,,,Assigned · net connected,assigned net connected in native DRC,native_assignment_verified,SW_CFG,1,,"This assigned net has no missing connection in the supplied native DRC. This is copper connectivity, not electrical compatibility or a powered test."
L3.2,L3,2,2,,,Assigned · net connected,assigned net connected in native DRC,native_assignment_verified,VCC_LINK_2V5,1,,"This assigned net has no missing connection in the supplied native DRC. This is copper connectivity, not electrical compatibility or a powered test."
L4.1,L4,1,1,,,Assigned · net connected,assigned net connected in native DRC,native_assignment_verified,SW_ASIC,1,,"This assigned net has no missing connection in the supplied native DRC. This is copper connectivity, not electrical compatibility or a powered test."
L4.2,L4,2,2,,,Assigned · net connected,assigned net connected in native DRC,native_assignment_verified,VCC_ASIC_1V5,1,,"This assigned net has no missing connection in the supplied native DRC. This is copper connectivity, not electrical compatibility or a powered test."
R1.1,R1,1,,,,Assigned · net connected,assigned net connected in native DRC,native_assignment_verified,VCORE_REG_1V025,1,,"This assigned net has no missing connection in the supplied native DRC. This is copper connectivity, not electrical compatibility or a powered test."
R1.2,R1,2,,,,Assigned · net connected,assigned net connected in native DRC,native_assignment_verified,FB_CORE,1,,"This assigned net has no missing connection in the supplied native DRC. This is copper connectivity, not electrical compatibility or a powered test."
R10.1,R10,1,,,,Assigned · net connected,assigned net connected in native DRC,native_assignment_verified,LINK_12V,1,,"This assigned net has no missing connection in the supplied native DRC. This is copper connectivity, not electrical compatibility or a powered test."
R10.2,R10,2,,,,Assigned · net connected,assigned net connected in native DRC,native_assignment_verified,PG_CORE,1,,"This assigned net has no missing connection in the supplied native DRC. This is copper connectivity, not electrical compatibility or a powered test."
R100.1,R100,1,,,,Assigned · net connected,assigned net connected in native DRC,native_assignment_verified,VCCAUX_1V8,1,,"This assigned net has no missing connection in the supplied native DRC. This is copper connectivity, not electrical compatibility or a powered test."
R100.2,R100,2,,,,Assigned · net connected,assigned net connected in native DRC,native_assignment_verified,FLASH_CS_B,1,,"This assigned net has no missing connection in the supplied native DRC. This is copper connectivity, not electrical compatibility or a powered test."
R101.1,R101,1,,,,Assigned · net connected,assigned net connected in native DRC,native_assignment_verified,VCCAUX_1V8,1,,"This assigned net has no missing connection in the supplied native DRC. This is copper connectivity, not electrical compatibility or a powered test."
R101.2,R101,2,,,,Assigned · net connected,assigned net connected in native DRC,native_assignment_verified,FLASH_DQ2,1,,"This assigned net has no missing connection in the supplied native DRC. This is copper connectivity, not electrical compatibility or a powered test."
R102.1,R102,1,,,,Assigned · net connected,assigned net connected in native DRC,native_assignment_verified,VCCAUX_1V8,1,,"This assigned net has no missing connection in the supplied native DRC. This is copper connectivity, not electrical compatibility or a powered test."
R102.2,R102,2,,,,Assigned · net connected,assigned net connected in native DRC,native_assignment_verified,FLASH_DQ3,1,,"This assigned net has no missing connection in the supplied native DRC. This is copper connectivity, not electrical compatibility or a powered test."
R103.1,R103,1,,,,Assigned · net connected,assigned net connected in native DRC,native_assignment_verified,FPGA_CCLK,1,,"This assigned net has no missing connection in the supplied native DRC. This is copper connectivity, not electrical compatibility or a powered test."
R103.2,R103,2,,,,Assigned · net connected,assigned net connected in native DRC,native_assignment_verified,FLASH_SCLK,1,,"This assigned net has no missing connection in the supplied native DRC. This is copper connectivity, not electrical compatibility or a powered test."
R104.1,R104,1,,,,Assigned · net connected,assigned net connected in native DRC,native_assignment_verified,FPGA_CFG_DQ0,1,,"This assigned net has no missing connection in the supplied native DRC. This is copper connectivity, not electrical compatibility or a powered test."
R104.2,R104,2,,,,Assigned · net connected,assigned net connected in native DRC,native_assignment_verified,FLASH_DQ0,1,,"This assigned net has no missing connection in the supplied native DRC. This is copper connectivity, not electrical compatibility or a powered test."
R105.1,R105,1,,,,Assigned · net connected,assigned net connected in native DRC,native_assignment_verified,FPGA_CFG_DQ1,1,,"This assigned net has no missing connection in the supplied native DRC. This is copper connectivity, not electrical compatibility or a powered test."
R105.2,R105,2,,,,Assigned · net connected,assigned net connected in native DRC,native_assignment_verified,FLASH_DQ1,1,,"This assigned net has no missing connection in the supplied native DRC. This is copper connectivity, not electrical compatibility or a powered test."
R108.1,R108,1,,,,Assigned · net connected,assigned net connected in native DRC,native_assignment_verified,VCCAUX_1V8,1,,"This assigned net has no missing connection in the supplied native DRC. This is copper connectivity, not electrical compatibility or a powered test."
R108.2,R108,2,,,,Assigned · net connected,assigned net connected in native DRC,native_assignment_verified,FPGA_PROGRAM_B,1,,"This assigned net has no missing connection in the supplied native DRC. This is copper connectivity, not electrical compatibility or a powered test."
R109.1,R109,1,,,,Assigned · net connected,assigned net connected in native DRC,native_assignment_verified,VCCAUX_1V8,1,,"This assigned net has no missing connection in the supplied native DRC. This is copper connectivity, not electrical compatibility or a powered test."
R109.2,R109,2,,,,Assigned · net connected,assigned net connected in native DRC,native_assignment_verified,FPGA_INIT_B,1,,"This assigned net has no missing connection in the supplied native DRC. This is copper connectivity, not electrical compatibility or a powered test."
R11.1,R11,1,,,,Assigned · net connected,assigned net connected in native DRC,native_assignment_verified,LINK_12V,1,,"This assigned net has no missing connection in the supplied native DRC. This is copper connectivity, not electrical compatibility or a powered test."
R11.2,R11,2,,,,Assigned · net connected,assigned net connected in native DRC,native_assignment_verified,PG_AUX,1,,"This assigned net has no missing connection in the supplied native DRC. This is copper connectivity, not electrical compatibility or a powered test."
R110.1,R110,1,,,,Assigned · net connected,assigned net connected in native DRC,native_assignment_verified,VCCAUX_1V8,1,,"This assigned net has no missing connection in the supplied native DRC. This is copper connectivity, not electrical compatibility or a powered test."
R110.2,R110,2,,,,Assigned · net connected,assigned net connected in native DRC,native_assignment_verified,FPGA_DONE,1,,"This assigned net has no missing connection in the supplied native DRC. This is copper connectivity, not electrical compatibility or a powered test."
R111.1,R111,1,,,,Assigned · net connected,assigned net connected in native DRC,native_assignment_verified,VCCAUX_1V8,1,,"This assigned net has no missing connection in the supplied native DRC. This is copper connectivity, not electrical compatibility or a powered test."
R111.2,R111,2,,,,Assigned · net connected,assigned net connected in native DRC,native_assignment_verified,CFG_M0,1,,"This assigned net has no missing connection in the supplied native DRC. This is copper connectivity, not electrical compatibility or a powered test."
R114.1,R114,1,,,,Assigned · net connected,assigned net connected in native DRC,native_assignment_verified,VCCAUX_1V8,1,,"This assigned net has no missing connection in the supplied native DRC. This is copper connectivity, not electrical compatibility or a powered test."
R114.2,R114,2,,,,Assigned · net connected,assigned net connected in native DRC,native_assignment_verified,CFG_PUDC_B,1,,"This assigned net has no missing connection in the supplied native DRC. This is copper connectivity, not electrical compatibility or a powered test."
R115.1,R115,1,,,,Assigned · net connected,assigned net connected in native DRC,native_assignment_verified,VCCAUX_1V8,1,,"This assigned net has no missing connection in the supplied native DRC. This is copper connectivity, not electrical compatibility or a powered test."
R115.2,R115,2,,,,Assigned · net connected,assigned net connected in native DRC,native_assignment_verified,JTAG_TMS,1,,"This assigned net has no missing connection in the supplied native DRC. This is copper connectivity, not electrical compatibility or a powered test."
R116.1,R116,1,,,,Assigned · net connected,assigned net connected in native DRC,native_assignment_verified,VCCAUX_1V8,1,,"This assigned net has no missing connection in the supplied native DRC. This is copper connectivity, not electrical compatibility or a powered test."
R116.2,R116,2,,,,Assigned · net connected,assigned net connected in native DRC,native_assignment_verified,JTAG_TDI,1,,"This assigned net has no missing connection in the supplied native DRC. This is copper connectivity, not electrical compatibility or a powered test."
R117.1,R117,1,,,,Assigned · net connected,assigned net connected in native DRC,native_assignment_verified,VCCAUX_1V8,1,,"This assigned net has no missing connection in the supplied native DRC. This is copper connectivity, not electrical compatibility or a powered test."
R117.2,R117,2,,,,Assigned · net connected,assigned net connected in native DRC,native_assignment_verified,JTAG_TCK,1,,"This assigned net has no missing connection in the supplied native DRC. This is copper connectivity, not electrical compatibility or a powered test."
R118.1,R118,1,,,,Assigned · net connected,assigned net connected in native DRC,native_assignment_verified,FPGA_TDO,1,,"This assigned net has no missing connection in the supplied native DRC. This is copper connectivity, not electrical compatibility or a powered test."
R118.2,R118,2,,,,Assigned · net connected,assigned net connected in native DRC,native_assignment_verified,JTAG_TDO,1,,"This assigned net has no missing connection in the supplied native DRC. This is copper connectivity, not electrical compatibility or a powered test."
R119.1,R119,1,,,,Assigned · net connected,assigned net connected in native DRC,native_assignment_verified,OSC_32M_RAW,1,,"This assigned net has no missing connection in the supplied native DRC. This is copper connectivity, not electrical compatibility or a powered test."
R119.2,R119,2,,,,Assigned · net connected,assigned net connected in native DRC,native_assignment_verified,CLK_32MHZ,1,,"This assigned net has no missing connection in the supplied native DRC. This is copper connectivity, not electrical compatibility or a powered test."
R122.1,R122,1,,,,Assigned · net connected,assigned net connected in native DRC,native_assignment_verified,VAUX_REG_1V803,1,,"This assigned net has no missing connection in the supplied native DRC. This is copper connectivity, not electrical compatibility or a powered test."
R122.2,R122,2,,,,Assigned · net connected,assigned net connected in native DRC,native_assignment_verified,VCCAUX_1V8,1,,"This assigned net has no missing connection in the supplied native DRC. This is copper connectivity, not electrical compatibility or a powered test."
R2.1,R2,1,,,,Assigned · net connected,assigned net connected in native DRC,native_assignment_verified,FB_CORE,1,,"This assigned net has no missing connection in the supplied native DRC. This is copper connectivity, not electrical compatibility or a powered test."
R2.2,R2,2,,,,Assigned · net connected,assigned net connected in native DRC,native_assignment_verified,GND,1,,"This assigned net has no missing connection in the supplied native DRC. This is copper connectivity, not electrical compatibility or a powered test."
R3.1,R3,1,,,,Assigned · net connected,assigned net connected in native DRC,native_assignment_verified,VAUX_REG_1V803,1,,"This assigned net has no missing connection in the supplied native DRC. This is copper connectivity, not electrical compatibility or a powered test."
R3.2,R3,2,,,,Assigned · net connected,assigned net connected in native DRC,native_assignment_verified,FB_AUX,1,,"This assigned net has no missing connection in the supplied native DRC. This is copper connectivity, not electrical compatibility or a powered test."
R4.1,R4,1,,,,Assigned · net connected,assigned net connected in native DRC,native_assignment_verified,FB_AUX,1,,"This assigned net has no missing connection in the supplied native DRC. This is copper connectivity, not electrical compatibility or a powered test."
R4.2,R4,2,,,,Assigned · net connected,assigned net connected in native DRC,native_assignment_verified,GND,1,,"This assigned net has no missing connection in the supplied native DRC. This is copper connectivity, not electrical compatibility or a powered test."
R5.1,R5,1,,,,Assigned · net connected,assigned net connected in native DRC,native_assignment_verified,VCC_LINK_2V5,1,,"This assigned net has no missing connection in the supplied native DRC. This is copper connectivity, not electrical compatibility or a powered test."
R5.2,R5,2,,,,Assigned · net connected,assigned net connected in native DRC,native_assignment_verified,FB_CFG,1,,"This assigned net has no missing connection in the supplied native DRC. This is copper connectivity, not electrical compatibility or a powered test."
R6.1,R6,1,,,,Assigned · net connected,assigned net connected in native DRC,native_assignment_verified,FB_CFG,1,,"This assigned net has no missing connection in the supplied native DRC. This is copper connectivity, not electrical compatibility or a powered test."
R6.2,R6,2,,,,Assigned · net connected,assigned net connected in native DRC,native_assignment_verified,GND,1,,"This assigned net has no missing connection in the supplied native DRC. This is copper connectivity, not electrical compatibility or a powered test."
R7.1,R7,1,,,,Assigned · net connected,assigned net connected in native DRC,native_assignment_verified,VCC_ASIC_1V5,1,,"This assigned net has no missing connection in the supplied native DRC. This is copper connectivity, not electrical compatibility or a powered test."
R7.2,R7,2,,,,Assigned · net connected,assigned net connected in native DRC,native_assignment_verified,FB_ASIC,1,,"This assigned net has no missing connection in the supplied native DRC. This is copper connectivity, not electrical compatibility or a powered test."
R8.1,R8,1,,,,Assigned · net connected,assigned net connected in native DRC,native_assignment_verified,FB_ASIC,1,,"This assigned net has no missing connection in the supplied native DRC. This is copper connectivity, not electrical compatibility or a powered test."
R8.2,R8,2,,,,Assigned · net connected,assigned net connected in native DRC,native_assignment_verified,GND,1,,"This assigned net has no missing connection in the supplied native DRC. This is copper connectivity, not electrical compatibility or a powered test."
R9.1,R9,1,,,,Assigned · net connected,assigned net connected in native DRC,native_assignment_verified,VCORE_REG_1V025,1,,"This assigned net has no missing connection in the supplied native DRC. This is copper connectivity, not electrical compatibility or a powered test."
R9.2,R9,2,,,,Assigned · net connected,assigned net connected in native DRC,native_assignment_verified,VCCINT_1V0,1,,"This assigned net has no missing connection in the supplied native DRC. This is copper connectivity, not electrical compatibility or a powered test."
U1.A1,U1,A1,IO_L9N_T1_DQS_AD7N_35,35,1.5 V,Assigned · net connected,assigned net connected in native DRC,native_assignment_verified,ASIC2_DATA8,1,ASIC2_DATA8,"This assigned net has no missing connection in the supplied native DRC. This is copper connectivity, not electrical compatibility or a powered test. Provisional ASIC assignment: electrical limits, physical chip identity, mating continuity and capture timing remain unverified."
U1.A10,U1,A10,IO_L14P_T2_SRCC_16,16,2.5 V,Reserved · not implemented,reserved — interface implementation required,assignment_required,,1,,No functional net is assigned. The 116 candidate digital ASIC signals have other package balls. This ball is not automatically an approved spare; bank voltage and special functions still matter.
U1.A11,U1,A11,IO_L4N_T0_15,15,1.5 V,Assigned · net connected,assigned net connected in native DRC,native_assignment_verified,SPI_LATCH_SHARED,1,SPI_LATCH_SHARED,"This assigned net has no missing connection in the supplied native DRC. This is copper connectivity, not electrical compatibility or a powered test. Provisional ASIC assignment: electrical limits, physical chip identity, mating continuity and capture timing remain unverified."
U1.A12,U1,A12,GND,NA,,Assigned · net connected,assigned net connected in native DRC,native_assignment_verified,GND,1,,"This assigned net has no missing connection in the supplied native DRC. This is copper connectivity, not electrical compatibility or a powered test."
U1.A13,U1,A13,IO_L9P_T1_DQS_AD3P_15,15,1.5 V,Unused · intentional NC,intentional no-connect,intentional_no_connect,,1,,AC_IN analog is provided on carrier; no FPGA connection permitted under current design. The schematic NC marker documents intent; the bitstream must also set its unused-pin behavior.
U1.A14,U1,A14,IO_L9N_T1_DQS_AD3N_15,15,1.5 V,Assigned · net connected,assigned net connected in native DRC,native_assignment_verified,BOARD2_SPI_CLK,1,BOARD2_SPI_CLK,"This assigned net has no missing connection in the supplied native DRC. This is copper connectivity, not electrical compatibility or a powered test. Provisional ASIC assignment: electrical limits, physical chip identity, mating continuity and capture timing remain unverified."
U1.A15,U1,A15,IO_L8P_T1_AD10P_15,15,1.5 V,Assigned · net connected,assigned net connected in native DRC,native_assignment_verified,STIM_EN_SHARED,1,STIM_EN_SHARED,"This assigned net has no missing connection in the supplied native DRC. This is copper connectivity, not electrical compatibility or a powered test. Provisional ASIC assignment: electrical limits, physical chip identity, mating continuity and capture timing remain unverified."
U1.A16,U1,A16,IO_L8N_T1_AD10N_15,15,1.5 V,Assigned · net connected,assigned net connected in native DRC,native_assignment_verified,BOARD3_CLK,1,BOARD3_CLK,"This assigned net has no missing connection in the supplied native DRC. This is copper connectivity, not electrical compatibility or a powered test. Provisional ASIC assignment: electrical limits, physical chip identity, mating continuity and capture timing remain unverified."
U1.A17,U1,A17,VCCO_15,15,1.5 V,Assigned · net connected,assigned net connected in native DRC,native_assignment_verified,VCC_ASIC_1V5,1,,"This assigned net has no missing connection in the supplied native DRC. This is copper connectivity, not electrical compatibility or a powered test."
U1.A18,U1,A18,IO_L10N_T1_AD11N_15,15,1.5 V,Assigned · net connected,assigned net connected in native DRC,native_assignment_verified,BOARD3_SPI_CLK,1,BOARD3_SPI_CLK,"This assigned net has no missing connection in the supplied native DRC. This is copper connectivity, not electrical compatibility or a powered test. Provisional ASIC assignment: electrical limits, physical chip identity, mating continuity and capture timing remain unverified."
U1.A2,U1,A2,GND,NA,,Assigned · net connected,assigned net connected in native DRC,native_assignment_verified,GND,1,,"This assigned net has no missing connection in the supplied native DRC. This is copper connectivity, not electrical compatibility or a powered test."
U1.A3,U1,A3,IO_L8N_T1_AD14N_35,35,1.5 V,Assigned · net connected,assigned net connected in native DRC,native_assignment_verified,ASIC2_DATA5,1,ASIC2_DATA5,"This assigned net has no missing connection in the supplied native DRC. This is copper connectivity, not electrical compatibility or a powered test. Provisional ASIC assignment: electrical limits, physical chip identity, mating continuity and capture timing remain unverified."
U1.A4,U1,A4,IO_L8P_T1_AD14P_35,35,1.5 V,Assigned · net connected,assigned net connected in native DRC,native_assignment_verified,ASIC4_DATA2,1,ASIC4_DATA2,"This assigned net has no missing connection in the supplied native DRC. This is copper connectivity, not electrical compatibility or a powered test. Provisional ASIC assignment: electrical limits, physical chip identity, mating continuity and capture timing remain unverified."
U1.A5,U1,A5,IO_L3N_T0_DQS_AD5N_35,35,1.5 V,Assigned · net connected,assigned net connected in native DRC,native_assignment_verified,ASIC4_DATA4,1,ASIC4_DATA4,"This assigned net has no missing connection in the supplied native DRC. This is copper connectivity, not electrical compatibility or a powered test. Provisional ASIC assignment: electrical limits, physical chip identity, mating continuity and capture timing remain unverified."
U1.A6,U1,A6,IO_L3P_T0_DQS_AD5P_35,35,1.5 V,Assigned · net connected,assigned net connected in native DRC,native_assignment_verified,ASIC4_DATA5,1,ASIC4_DATA5,"This assigned net has no missing connection in the supplied native DRC. This is copper connectivity, not electrical compatibility or a powered test. Provisional ASIC assignment: electrical limits, physical chip identity, mating continuity and capture timing remain unverified."
U1.A7,U1,A7,VCCO_35,35,1.5 V,Assigned · net connected,assigned net connected in native DRC,native_assignment_verified,VCC_ASIC_1V5,1,,"This assigned net has no missing connection in the supplied native DRC. This is copper connectivity, not electrical compatibility or a powered test."
U1.A8,U1,A8,IO_L12N_T1_MRCC_16,16,2.5 V,Reserved · not implemented,reserved — interface implementation required,assignment_required,,1,,No functional net is assigned. The 116 candidate digital ASIC signals have other package balls. This ball is not automatically an approved spare; bank voltage and special functions still matter.
U1.A9,U1,A9,IO_L14N_T2_SRCC_16,16,2.5 V,Reserved · not implemented,reserved — interface implementation required,assignment_required,,1,,No functional net is assigned. The 116 candidate digital ASIC signals have other package balls. This ball is not automatically an approved spare; bank voltage and special functions still matter.
U1.B1,U1,B1,IO_L9P_T1_DQS_AD7P_35,35,1.5 V,Assigned · net connected,assigned net connected in native DRC,native_assignment_verified,ASIC1_READ,1,ASIC1_READ,"This assigned net has no missing connection in the supplied native DRC. This is copper connectivity, not electrical compatibility or a powered test. Provisional ASIC assignment: electrical limits, physical chip identity, mating continuity and capture timing remain unverified."
U1.B10,U1,B10,VCCO_16,16,2.5 V,Assigned · net connected,assigned net connected in native DRC,native_assignment_verified,VCC_LINK_2V5,1,,"This assigned net has no missing connection in the supplied native DRC. This is copper connectivity, not electrical compatibility or a powered test."
U1.B11,U1,B11,IO_L4P_T0_15,15,1.5 V,Assigned · net connected,assigned net connected in native DRC,provisional_digital_1v5_polarity_unverified,IMP_TST_SHARED,1,IMP_TST_SHARED,"This assigned net has no missing connection in the supplied native DRC. This is copper connectivity, not electrical compatibility or a powered test. Provisional ASIC assignment: electrical limits, physical chip identity, mating continuity and capture timing remain unverified. IMP_TST is provisionally treated as a 0/1.5 V digital output; inactive polarity and timing remain unverified."
U1.B12,U1,B12,IO_L3N_T0_DQS_AD1N_15,15,1.5 V,Assigned · net connected,assigned net connected in native DRC,native_assignment_verified,STIM_CHB_SHARED,1,STIM_CHB_SHARED,"This assigned net has no missing connection in the supplied native DRC. This is copper connectivity, not electrical compatibility or a powered test. Provisional ASIC assignment: electrical limits, physical chip identity, mating continuity and capture timing remain unverified."
U1.B13,U1,B13,IO_L2P_T0_AD8P_15,15,1.5 V,Assigned · net connected,assigned net connected in native DRC,native_assignment_verified,BOARD2_CLK,1,BOARD2_CLK,"This assigned net has no missing connection in the supplied native DRC. This is copper connectivity, not electrical compatibility or a powered test. Provisional ASIC assignment: electrical limits, physical chip identity, mating continuity and capture timing remain unverified."
U1.B14,U1,B14,IO_L2N_T0_AD8N_15,15,1.5 V,Assigned · net connected,assigned net connected in native DRC,native_assignment_verified,FE_RESET_SHARED,1,FE_RESET_SHARED,"This assigned net has no missing connection in the supplied native DRC. This is copper connectivity, not electrical compatibility or a powered test. Provisional ASIC assignment: electrical limits, physical chip identity, mating continuity and capture timing remain unverified."
U1.B15,U1,B15,GND,NA,,Assigned · net connected,assigned net connected in native DRC,native_assignment_verified,GND,1,,"This assigned net has no missing connection in the supplied native DRC. This is copper connectivity, not electrical compatibility or a powered test."
U1.B16,U1,B16,IO_L7P_T1_AD2P_15,15,1.5 V,Assigned · net connected,assigned net connected in native DRC,native_assignment_verified,BOARD1_CLK,1,BOARD1_CLK,"This assigned net has no missing connection in the supplied native DRC. This is copper connectivity, not electrical compatibility or a powered test. Provisional ASIC assignment: electrical limits, physical chip identity, mating continuity and capture timing remain unverified."
U1.B17,U1,B17,IO_L7N_T1_AD2N_15,15,1.5 V,Assigned · net connected,assigned net connected in native DRC,native_assignment_verified,BOARD1_SPI_CLK,1,BOARD1_SPI_CLK,"This assigned net has no missing connection in the supplied native DRC. This is copper connectivity, not electrical compatibility or a powered test. Provisional ASIC assignment: electrical limits, physical chip identity, mating continuity and capture timing remain unverified."
U1.B18,U1,B18,IO_L10P_T1_AD11P_15,15,1.5 V,Unused · intentional NC,intentional no-connect,intentional_no_connect,,1,,No function or physical net in this revision; no boot/power pin removed. The schematic NC marker documents intent; the bitstream must also set its unused-pin behavior.
U1.B2,U1,B2,IO_L10N_T1_AD15N_35,35,1.5 V,Assigned · net connected,assigned net connected in native DRC,native_assignment_verified,ASIC2_READ,1,ASIC2_READ,"This assigned net has no missing connection in the supplied native DRC. This is copper connectivity, not electrical compatibility or a powered test. Provisional ASIC assignment: electrical limits, physical chip identity, mating continuity and capture timing remain unverified."
U1.B3,U1,B3,IO_L10P_T1_AD15P_35,35,1.5 V,Assigned · net connected,assigned net connected in native DRC,native_assignment_verified,ASIC2_DATA3,1,ASIC2_DATA3,"This assigned net has no missing connection in the supplied native DRC. This is copper connectivity, not electrical compatibility or a powered test. Provisional ASIC assignment: electrical limits, physical chip identity, mating continuity and capture timing remain unverified."
U1.B4,U1,B4,IO_L7N_T1_AD6N_35,35,1.5 V,Assigned · net connected,assigned net connected in native DRC,native_assignment_verified,ASIC2_SYNC,1,ASIC2_SYNC,"This assigned net has no missing connection in the supplied native DRC. This is copper connectivity, not electrical compatibility or a powered test. Provisional ASIC assignment: electrical limits, physical chip identity, mating continuity and capture timing remain unverified."
U1.B5,U1,B5,GND,NA,,Assigned · net connected,assigned net connected in native DRC,native_assignment_verified,GND,1,,"This assigned net has no missing connection in the supplied native DRC. This is copper connectivity, not electrical compatibility or a powered test."
U1.B6,U1,B6,IO_L2N_T0_AD12N_35,35,1.5 V,Assigned · net connected,assigned net connected in native DRC,native_assignment_verified,ASIC4_DATA6,1,ASIC4_DATA6,"This assigned net has no missing connection in the supplied native DRC. This is copper connectivity, not electrical compatibility or a powered test. Provisional ASIC assignment: electrical limits, physical chip identity, mating continuity and capture timing remain unverified."
U1.B7,U1,B7,IO_L2P_T0_AD12P_35,35,1.5 V,Assigned · net connected,assigned net connected in native DRC,native_assignment_verified,ASIC4_READ,1,ASIC4_READ,"This assigned net has no missing connection in the supplied native DRC. This is copper connectivity, not electrical compatibility or a powered test. Provisional ASIC assignment: electrical limits, physical chip identity, mating continuity and capture timing remain unverified."
U1.B8,U1,B8,IO_L12P_T1_MRCC_16,16,2.5 V,Reserved · not implemented,reserved — interface implementation required,assignment_required,,1,,No functional net is assigned. The 116 candidate digital ASIC signals have other package balls. This ball is not automatically an approved spare; bank voltage and special functions still matter.
U1.B9,U1,B9,IO_L11N_T1_SRCC_16,16,2.5 V,Reserved · not implemented,reserved — interface implementation required,assignment_required,,1,,No functional net is assigned. The 116 candidate digital ASIC signals have other package balls. This ball is not automatically an approved spare; bank voltage and special functions still matter.
U1.C1,U1,C1,IO_L16N_T2_35,35,1.5 V,Assigned · net connected,assigned net connected in native DRC,native_assignment_verified,ASIC1_DATA8,1,ASIC1_DATA8,"This assigned net has no missing connection in the supplied native DRC. This is copper connectivity, not electrical compatibility or a powered test. Provisional ASIC assignment: electrical limits, physical chip identity, mating continuity and capture timing remain unverified."
U1.C10,U1,C10,IO_L13N_T2_MRCC_16,16,2.5 V,Reserved · not implemented,reserved — interface implementation required,assignment_required,,1,,No functional net is assigned. The 116 candidate digital ASIC signals have other package balls. This ball is not automatically an approved spare; bank voltage and special functions still matter.
U1.C11,U1,C11,IO_L13P_T2_MRCC_16,16,2.5 V,Reserved · not implemented,reserved — interface implementation required,assignment_required,,1,,No functional net is assigned. The 116 candidate digital ASIC signals have other package balls. This ball is not automatically an approved spare; bank voltage and special functions still matter.
U1.C12,U1,C12,IO_L3P_T0_DQS_AD1P_15,15,1.5 V,Assigned · net connected,assigned net connected in native DRC,native_assignment_verified,STIM_START_SHARED,1,STIM_START_SHARED,"This assigned net has no missing connection in the supplied native DRC. This is copper connectivity, not electrical compatibility or a powered test. Provisional ASIC assignment: electrical limits, physical chip identity, mating continuity and capture timing remain unverified."
U1.C13,U1,C13,VCCO_15,15,1.5 V,Assigned · net connected,assigned net connected in native DRC,native_assignment_verified,VCC_ASIC_1V5,1,,"This assigned net has no missing connection in the supplied native DRC. This is copper connectivity, not electrical compatibility or a powered test."
U1.C14,U1,C14,IO_L1N_T0_AD0N_15,15,1.5 V,Assigned · net connected,assigned net connected in native DRC,native_assignment_verified,BOARD4_CLK,1,BOARD4_CLK,"This assigned net has no missing connection in the supplied native DRC. This is copper connectivity, not electrical compatibility or a powered test. Provisional ASIC assignment: electrical limits, physical chip identity, mating continuity and capture timing remain unverified."
U1.C15,U1,C15,IO_L12N_T1_MRCC_15,15,1.5 V,Unused · intentional NC,intentional no-connect,intentional_no_connect,,1,,No function or physical net in this revision; no boot/power pin removed. The schematic NC marker documents intent; the bitstream must also set its unused-pin behavior.
U1.C16,U1,C16,IO_L20P_T3_A20_15,15,1.5 V,Assigned · net connected,assigned net connected in native DRC,native_assignment_verified,STIM_CLK_SHARED,1,STIM_CLK_SHARED,"This assigned net has no missing connection in the supplied native DRC. This is copper connectivity, not electrical compatibility or a powered test. Provisional ASIC assignment: electrical limits, physical chip identity, mating continuity and capture timing remain unverified."
U1.C17,U1,C17,IO_L20N_T3_A19_15,15,1.5 V,Unused · intentional NC,intentional no-connect,intentional_no_connect,,1,,No function or physical net in this revision; no boot/power pin removed. The schematic NC marker documents intent; the bitstream must also set its unused-pin behavior.
U1.C18,U1,C18,GND,NA,,Assigned · net connected,assigned net connected in native DRC,native_assignment_verified,GND,1,,"This assigned net has no missing connection in the supplied native DRC. This is copper connectivity, not electrical compatibility or a powered test."
U1.C2,U1,C2,IO_L16P_T2_35,35,1.5 V,Assigned · net connected,assigned net connected in native DRC,native_assignment_verified,ASIC2_DATA1,1,ASIC2_DATA1,"This assigned net has no missing connection in the supplied native DRC. This is copper connectivity, not electrical compatibility or a powered test. Provisional ASIC assignment: electrical limits, physical chip identity, mating continuity and capture timing remain unverified."
U1.C3,U1,C3,VCCO_35,35,1.5 V,Assigned · net connected,assigned net connected in native DRC,native_assignment_verified,VCC_ASIC_1V5,1,,"This assigned net has no missing connection in the supplied native DRC. This is copper connectivity, not electrical compatibility or a powered test."
U1.C4,U1,C4,IO_L7P_T1_AD6P_35,35,1.5 V,Assigned · net connected,assigned net connected in native DRC,native_assignment_verified,ASIC2_DATA7,1,ASIC2_DATA7,"This assigned net has no missing connection in the supplied native DRC. This is copper connectivity, not electrical compatibility or a powered test. Provisional ASIC assignment: electrical limits, physical chip identity, mating continuity and capture timing remain unverified."
U1.C5,U1,C5,IO_L1N_T0_AD4N_35,35,1.5 V,Assigned · net connected,assigned net connected in native DRC,native_assignment_verified,ASIC4_DATA1,1,ASIC4_DATA1,"This assigned net has no missing connection in the supplied native DRC. This is copper connectivity, not electrical compatibility or a powered test. Provisional ASIC assignment: electrical limits, physical chip identity, mating continuity and capture timing remain unverified."
U1.C6,U1,C6,IO_L1P_T0_AD4P_35,35,1.5 V,Assigned · net connected,assigned net connected in native DRC,native_assignment_verified,ASIC4_DATA3,1,ASIC4_DATA3,"This assigned net has no missing connection in the supplied native DRC. This is copper connectivity, not electrical compatibility or a powered test. Provisional ASIC assignment: electrical limits, physical chip identity, mating continuity and capture timing remain unverified."
U1.C7,U1,C7,IO_L4N_T0_35,35,1.5 V,Assigned · net connected,assigned net connected in native DRC,native_assignment_verified,ASIC4_DATA7,1,ASIC4_DATA7,"This assigned net has no missing connection in the supplied native DRC. This is copper connectivity, not electrical compatibility or a powered test. Provisional ASIC assignment: electrical limits, physical chip identity, mating continuity and capture timing remain unverified."
U1.C8,U1,C8,GND,NA,,Assigned · net connected,assigned net connected in native DRC,native_assignment_verified,GND,1,,"This assigned net has no missing connection in the supplied native DRC. This is copper connectivity, not electrical compatibility or a powered test."
U1.C9,U1,C9,IO_L11P_T1_SRCC_16,16,2.5 V,Reserved · not implemented,reserved — interface implementation required,assignment_required,,1,,No functional net is assigned. The 116 candidate digital ASIC signals have other package balls. This ball is not automatically an approved spare; bank voltage and special functions still matter.
U1.D1,U1,D1,GND,NA,,Assigned · net connected,assigned net connected in native DRC,native_assignment_verified,GND,1,,"This assigned net has no missing connection in the supplied native DRC. This is copper connectivity, not electrical compatibility or a powered test."
U1.D10,U1,D10,IO_L19N_T3_VREF_16,16,2.5 V,Unused · intentional NC,intentional no-connect,intentional_no_connect,,1,,GPIO/multifunction VREF alias; selected LVCMOS15/LVDS_25/1.8V configuration interface needs no external VREF here. The schematic NC marker documents intent; the bitstream must also set its unused-pin behavior.
U1.D11,U1,D11,GND,NA,,Assigned · net connected,assigned net connected in native DRC,native_assignment_verified,GND,1,,"This assigned net has no missing connection in the supplied native DRC. This is copper connectivity, not electrical compatibility or a powered test."
U1.D12,U1,D12,IO_L6P_T0_15,15,1.5 V,Assigned · net connected,assigned net connected in native DRC,native_assignment_verified,CHIP_RESET_SHARED,1,CHIP_RESET_SHARED,"This assigned net has no missing connection in the supplied native DRC. This is copper connectivity, not electrical compatibility or a powered test. Provisional ASIC assignment: electrical limits, physical chip identity, mating continuity and capture timing remain unverified."
U1.D13,U1,D13,IO_L6N_T0_VREF_15,15,1.5 V,Unused · intentional NC,intentional no-connect,intentional_no_connect,,1,,GPIO/multifunction VREF alias; selected LVCMOS15/LVDS_25/1.8V configuration interface needs no external VREF here. The schematic NC marker documents intent; the bitstream must also set its unused-pin behavior.
U1.D14,U1,D14,IO_L1P_T0_AD0P_15,15,1.5 V,Unused · intentional NC,intentional no-connect,intentional_no_connect,,1,,No function or physical net in this revision; no boot/power pin removed. The schematic NC marker documents intent; the bitstream must also set its unused-pin behavior.
U1.D15,U1,D15,IO_L12P_T1_MRCC_15,15,1.5 V,Unused · intentional NC,intentional no-connect,intentional_no_connect,,1,,No function or physical net in this revision; no boot/power pin removed. The schematic NC marker documents intent; the bitstream must also set its unused-pin behavior.
U1.D16,U1,D16,VCCO_15,15,1.5 V,Assigned · net connected,assigned net connected in native DRC,native_assignment_verified,VCC_ASIC_1V5,1,,"This assigned net has no missing connection in the supplied native DRC. This is copper connectivity, not electrical compatibility or a powered test."
U1.D17,U1,D17,IO_L16N_T2_A27_15,15,1.5 V,Unused · intentional NC,intentional no-connect,intentional_no_connect,,1,,No function or physical net in this revision; no boot/power pin removed. The schematic NC marker documents intent; the bitstream must also set its unused-pin behavior.
U1.D18,U1,D18,IO_L21N_T3_DQS_A18_15,15,1.5 V,Unused · intentional NC,intentional no-connect,intentional_no_connect,,1,,No function or physical net in this revision; no boot/power pin removed. The schematic NC marker documents intent; the bitstream must also set its unused-pin behavior.
U1.D2,U1,D2,IO_L14N_T2_SRCC_35,35,1.5 V,Unused · intentional NC,intentional no-connect,intentional_no_connect,,1,,Unused N mate of single-ended LVCMOS15 returned-clock P ball E2; no differential receiver instantiated. The schematic NC marker documents intent; the bitstream must also set its unused-pin behavior.
U1.D3,U1,D3,IO_L12N_T1_MRCC_35,35,1.5 V,Unused · intentional NC,intentional no-connect,intentional_no_connect,,1,,Unused N mate of single-ended LVCMOS15 returned-clock P ball E3; no differential receiver instantiated. The schematic NC marker documents intent; the bitstream must also set its unused-pin behavior.
U1.D4,U1,D4,IO_L11N_T1_SRCC_35,35,1.5 V,Unused · intentional NC,intentional no-connect,intentional_no_connect,,1,,Unused N mate of single-ended LVCMOS15 returned-clock P ball D5; no differential receiver instantiated. The schematic NC marker documents intent; the bitstream must also set its unused-pin behavior.
U1.D5,U1,D5,IO_L11P_T1_SRCC_35,35,1.5 V,Assigned · net connected,assigned net connected in native DRC,native_assignment_verified,ASIC4_CLK32MHz_Out,1,ASIC4_CLK32MHz_Out,"This assigned net has no missing connection in the supplied native DRC. This is copper connectivity, not electrical compatibility or a powered test. Provisional ASIC assignment: electrical limits, physical chip identity, mating continuity and capture timing remain unverified."
U1.D6,U1,D6,VCCO_35,35,1.5 V,Assigned · net connected,assigned net connected in native DRC,native_assignment_verified,VCC_ASIC_1V5,1,,"This assigned net has no missing connection in the supplied native DRC. This is copper connectivity, not electrical compatibility or a powered test."
U1.D7,U1,D7,IO_L6N_T0_VREF_35,35,1.5 V,Unused · intentional NC,intentional no-connect,intentional_no_connect,,1,,GPIO/multifunction VREF alias; selected LVCMOS15/LVDS_25/1.8V configuration interface needs no external VREF here. The schematic NC marker documents intent; the bitstream must also set its unused-pin behavior.
U1.D8,U1,D8,IO_L4P_T0_35,35,1.5 V,Assigned · net connected,assigned net connected in native DRC,native_assignment_verified,ASIC4_SYNC,1,ASIC4_SYNC,"This assigned net has no missing connection in the supplied native DRC. This is copper connectivity, not electrical compatibility or a powered test. Provisional ASIC assignment: electrical limits, physical chip identity, mating continuity and capture timing remain unverified."
U1.D9,U1,D9,IO_L6N_T0_VREF_16,16,2.5 V,Unused · intentional NC,intentional no-connect,intentional_no_connect,,1,,GPIO/multifunction VREF alias; selected LVCMOS15/LVDS_25/1.8V configuration interface needs no external VREF here. The schematic NC marker documents intent; the bitstream must also set its unused-pin behavior.
U1.E1,U1,E1,IO_L18N_T2_35,35,1.5 V,Assigned · net connected,assigned net connected in native DRC,native_assignment_verified,ASIC1_DATA4,1,ASIC1_DATA4,"This assigned net has no missing connection in the supplied native DRC. This is copper connectivity, not electrical compatibility or a powered test. Provisional ASIC assignment: electrical limits, physical chip identity, mating continuity and capture timing remain unverified."
U1.E10,U1,E10,TCK_0,0,1.8 V,Assigned · net connected,assigned net connected in native DRC,native_assignment_verified,JTAG_TCK,1,,"This assigned net has no missing connection in the supplied native DRC. This is copper connectivity, not electrical compatibility or a powered test."
U1.E11,U1,E11,TDI_0,0,1.8 V,Assigned · net connected,assigned net connected in native DRC,native_assignment_verified,JTAG_TDI,1,,"This assigned net has no missing connection in the supplied native DRC. This is copper connectivity, not electrical compatibility or a powered test."
U1.E12,U1,E12,TMS_0,0,1.8 V,Assigned · net connected,assigned net connected in native DRC,native_assignment_verified,JTAG_TMS,1,,"This assigned net has no missing connection in the supplied native DRC. This is copper connectivity, not electrical compatibility or a powered test."
U1.E13,U1,E13,TDO_0,0,1.8 V,Assigned · net connected,assigned net connected in native DRC,native_assignment_verified,FPGA_TDO,1,,"This assigned net has no missing connection in the supplied native DRC. This is copper connectivity, not electrical compatibility or a powered test."
U1.E14,U1,E14,GND,NA,,Assigned · net connected,assigned net connected in native DRC,native_assignment_verified,GND,1,,"This assigned net has no missing connection in the supplied native DRC. This is copper connectivity, not electrical compatibility or a powered test."
U1.E15,U1,E15,IO_L11P_T1_SRCC_15,15,1.5 V,Unused · intentional NC,intentional no-connect,intentional_no_connect,,1,,No function or physical net in this revision; no boot/power pin removed. The schematic NC marker documents intent; the bitstream must also set its unused-pin behavior.
U1.E16,U1,E16,IO_L11N_T1_SRCC_15,15,1.5 V,Unused · intentional NC,intentional no-connect,intentional_no_connect,,1,,No function or physical net in this revision; no boot/power pin removed. The schematic NC marker documents intent; the bitstream must also set its unused-pin behavior.
U1.E17,U1,E17,IO_L16P_T2_A28_15,15,1.5 V,Unused · intentional NC,intentional no-connect,intentional_no_connect,,1,,No function or physical net in this revision; no boot/power pin removed. The schematic NC marker documents intent; the bitstream must also set its unused-pin behavior.
U1.E18,U1,E18,IO_L21P_T3_DQS_15,15,1.5 V,Unused · intentional NC,intentional no-connect,intentional_no_connect,,1,,No function or physical net in this revision; no boot/power pin removed. The schematic NC marker documents intent; the bitstream must also set its unused-pin behavior.
U1.E2,U1,E2,IO_L14P_T2_SRCC_35,35,1.5 V,Assigned · net connected,assigned net connected in native DRC,native_assignment_verified,ASIC1_CLK32MHz_Out,1,ASIC1_CLK32MHz_Out,"This assigned net has no missing connection in the supplied native DRC. This is copper connectivity, not electrical compatibility or a powered test. Provisional ASIC assignment: electrical limits, physical chip identity, mating continuity and capture timing remain unverified."
U1.E3,U1,E3,IO_L12P_T1_MRCC_35,35,1.5 V,Assigned · net connected,assigned net connected in native DRC,native_assignment_verified,ASIC2_CLK32MHz_Out,1,ASIC2_CLK32MHz_Out,"This assigned net has no missing connection in the supplied native DRC. This is copper connectivity, not electrical compatibility or a powered test. Provisional ASIC assignment: electrical limits, physical chip identity, mating continuity and capture timing remain unverified."
U1.E4,U1,E4,GND,NA,,Assigned · net connected,assigned net connected in native DRC,native_assignment_verified,GND,1,,"This assigned net has no missing connection in the supplied native DRC. This is copper connectivity, not electrical compatibility or a powered test."
U1.E5,U1,E5,IO_L5N_T0_AD13N_35,35,1.5 V,Assigned · net connected,assigned net connected in native DRC,native_assignment_verified,ASIC3_DATA6,1,ASIC3_DATA6,"This assigned net has no missing connection in the supplied native DRC. This is copper connectivity, not electrical compatibility or a powered test. Provisional ASIC assignment: electrical limits, physical chip identity, mating continuity and capture timing remain unverified."
U1.E6,U1,E6,IO_L5P_T0_AD13P_35,35,1.5 V,Assigned · net connected,assigned net connected in native DRC,native_assignment_verified,ASIC3_READ,1,ASIC3_READ,"This assigned net has no missing connection in the supplied native DRC. This is copper connectivity, not electrical compatibility or a powered test. Provisional ASIC assignment: electrical limits, physical chip identity, mating continuity and capture timing remain unverified."
U1.E7,U1,E7,IO_L6P_T0_35,35,1.5 V,Assigned · net connected,assigned net connected in native DRC,native_assignment_verified,ASIC4_DATA8,1,ASIC4_DATA8,"This assigned net has no missing connection in the supplied native DRC. This is copper connectivity, not electrical compatibility or a powered test. Provisional ASIC assignment: electrical limits, physical chip identity, mating continuity and capture timing remain unverified."
U1.E8,U1,E8,VCCBATT_0,0,1.8 V,Assigned · net connected,assigned net connected in native DRC,native_assignment_verified,GND,1,,"This assigned net has no missing connection in the supplied native DRC. This is copper connectivity, not electrical compatibility or a powered test."
U1.E9,U1,E9,CCLK_0,0,1.8 V,Assigned · net connected,assigned net connected in native DRC,native_assignment_verified,FPGA_CCLK,1,,"This assigned net has no missing connection in the supplied native DRC. This is copper connectivity, not electrical compatibility or a powered test."
U1.F1,U1,F1,IO_L18P_T2_35,35,1.5 V,Assigned · net connected,assigned net connected in native DRC,native_assignment_verified,ASIC1_DATA2,1,ASIC1_DATA2,"This assigned net has no missing connection in the supplied native DRC. This is copper connectivity, not electrical compatibility or a powered test. Provisional ASIC assignment: electrical limits, physical chip identity, mating continuity and capture timing remain unverified."
U1.F10,U1,F10,VCCBRAM,NA,,Assigned · net connected,assigned net connected in native DRC,native_assignment_verified,VCCINT_1V0,1,,"This assigned net has no missing connection in the supplied native DRC. This is copper connectivity, not electrical compatibility or a powered test."
U1.F11,U1,F11,GND,NA,,Assigned · net connected,assigned net connected in native DRC,native_assignment_verified,GND,1,,"This assigned net has no missing connection in the supplied native DRC. This is copper connectivity, not electrical compatibility or a powered test."
U1.F12,U1,F12,VCCAUX,NA,,Assigned · net connected,assigned net connected in native DRC,native_assignment_verified,VCCAUX_1V8,1,,"This assigned net has no missing connection in the supplied native DRC. This is copper connectivity, not electrical compatibility or a powered test."
U1.F13,U1,F13,IO_L5P_T0_AD9P_15,15,1.5 V,Unused · intentional NC,intentional no-connect,intentional_no_connect,,1,,No function or physical net in this revision; no boot/power pin removed. The schematic NC marker documents intent; the bitstream must also set its unused-pin behavior.
U1.F14,U1,F14,IO_L5N_T0_AD9N_15,15,1.5 V,Unused · intentional NC,intentional no-connect,intentional_no_connect,,1,,No function or physical net in this revision; no boot/power pin removed. The schematic NC marker documents intent; the bitstream must also set its unused-pin behavior.
U1.F15,U1,F15,IO_L14P_T2_SRCC_15,15,1.5 V,Unused · intentional NC,intentional no-connect,intentional_no_connect,,1,,No function or physical net in this revision; no boot/power pin removed. The schematic NC marker documents intent; the bitstream must also set its unused-pin behavior.
U1.F16,U1,F16,IO_L14N_T2_SRCC_15,15,1.5 V,Unused · intentional NC,intentional no-connect,intentional_no_connect,,1,,No function or physical net in this revision; no boot/power pin removed. The schematic NC marker documents intent; the bitstream must also set its unused-pin behavior.
U1.F17,U1,F17,GND,NA,,Assigned · net connected,assigned net connected in native DRC,native_assignment_verified,GND,1,,"This assigned net has no missing connection in the supplied native DRC. This is copper connectivity, not electrical compatibility or a powered test."
U1.F18,U1,F18,IO_L22N_T3_A16_15,15,1.5 V,Unused · intentional NC,intentional no-connect,intentional_no_connect,,1,,No function or physical net in this revision; no boot/power pin removed. The schematic NC marker documents intent; the bitstream must also set its unused-pin behavior.
U1.F2,U1,F2,VCCO_35,35,1.5 V,Assigned · net connected,assigned net connected in native DRC,native_assignment_verified,VCC_ASIC_1V5,1,,"This assigned net has no missing connection in the supplied native DRC. This is copper connectivity, not electrical compatibility or a powered test."
U1.F3,U1,F3,IO_L13N_T2_MRCC_35,35,1.5 V,Unused · intentional NC,intentional no-connect,intentional_no_connect,,1,,Unused N mate of single-ended LVCMOS15 returned-clock P ball F4; no differential receiver instantiated. The schematic NC marker documents intent; the bitstream must also set its unused-pin behavior.
U1.F4,U1,F4,IO_L13P_T2_MRCC_35,35,1.5 V,Assigned · net connected,assigned net connected in native DRC,native_assignment_verified,ASIC3_CLK32MHz_Out,1,ASIC3_CLK32MHz_Out,"This assigned net has no missing connection in the supplied native DRC. This is copper connectivity, not electrical compatibility or a powered test. Provisional ASIC assignment: electrical limits, physical chip identity, mating continuity and capture timing remain unverified."
U1.F5,U1,F5,IO_0_35,35,1.5 V,Assigned · net connected,assigned net connected in native DRC,native_assignment_verified,ASIC3_DATA4,1,ASIC3_DATA4,"This assigned net has no missing connection in the supplied native DRC. This is copper connectivity, not electrical compatibility or a powered test. Provisional ASIC assignment: electrical limits, physical chip identity, mating continuity and capture timing remain unverified."
U1.F6,U1,F6,IO_L19N_T3_VREF_35,35,1.5 V,Unused · intentional NC,intentional no-connect,intentional_no_connect,,1,,GPIO/multifunction VREF alias; selected LVCMOS15/LVDS_25/1.8V configuration interface needs no external VREF here. The schematic NC marker documents intent; the bitstream must also set its unused-pin behavior.
U1.F7,U1,F7,GND,NA,,Assigned · net connected,assigned net connected in native DRC,native_assignment_verified,GND,1,,"This assigned net has no missing connection in the supplied native DRC. This is copper connectivity, not electrical compatibility or a powered test."
U1.F8,U1,F8,VCCINT,NA,,Assigned · net connected,assigned net connected in native DRC,native_assignment_verified,VCCINT_1V0,1,,"This assigned net has no missing connection in the supplied native DRC. This is copper connectivity, not electrical compatibility or a powered test."
U1.F9,U1,F9,GND,NA,,Assigned · net connected,assigned net connected in native DRC,native_assignment_verified,GND,1,,"This assigned net has no missing connection in the supplied native DRC. This is copper connectivity, not electrical compatibility or a powered test."
U1.G1,U1,G1,IO_L17N_T2_35,35,1.5 V,Assigned · net connected,assigned net connected in native DRC,native_assignment_verified,ASIC1_DATA7,1,ASIC1_DATA7,"This assigned net has no missing connection in the supplied native DRC. This is copper connectivity, not electrical compatibility or a powered test. Provisional ASIC assignment: electrical limits, physical chip identity, mating continuity and capture timing remain unverified."
U1.G10,U1,G10,GND,NA,,Assigned · net connected,assigned net connected in native DRC,native_assignment_verified,GND,1,,"This assigned net has no missing connection in the supplied native DRC. This is copper connectivity, not electrical compatibility or a powered test."
U1.G11,U1,G11,VCCBRAM,NA,,Assigned · net connected,assigned net connected in native DRC,native_assignment_verified,VCCINT_1V0,1,,"This assigned net has no missing connection in the supplied native DRC. This is copper connectivity, not electrical compatibility or a powered test."
U1.G12,U1,G12,GND,NA,,Assigned · net connected,assigned net connected in native DRC,native_assignment_verified,GND,1,,"This assigned net has no missing connection in the supplied native DRC. This is copper connectivity, not electrical compatibility or a powered test."
U1.G13,U1,G13,IO_0_15,15,1.5 V,Unused · intentional NC,intentional no-connect,intentional_no_connect,,1,,No function or physical net in this revision; no boot/power pin removed. The schematic NC marker documents intent; the bitstream must also set its unused-pin behavior.
U1.G14,U1,G14,IO_L15N_T2_DQS_ADV_B_15,15,1.5 V,Assigned · net connected,assigned net connected in native DRC,native_assignment_verified,STIM_CHIP2_SPI_DL,1,STIM_CHIP2_SPI_DL,"This assigned net has no missing connection in the supplied native DRC. This is copper connectivity, not electrical compatibility or a powered test. Provisional ASIC assignment: electrical limits, physical chip identity, mating continuity and capture timing remain unverified."
U1.G15,U1,G15,VCCO_15,15,1.5 V,Assigned · net connected,assigned net connected in native DRC,native_assignment_verified,VCC_ASIC_1V5,1,,"This assigned net has no missing connection in the supplied native DRC. This is copper connectivity, not electrical compatibility or a powered test."
U1.G16,U1,G16,IO_L13N_T2_MRCC_15,15,1.5 V,Unused · intentional NC,intentional no-connect,intentional_no_connect,,1,,No function or physical net in this revision; no boot/power pin removed. The schematic NC marker documents intent; the bitstream must also set its unused-pin behavior.
U1.G17,U1,G17,IO_L18N_T2_A23_15,15,1.5 V,Assigned · net connected,assigned net connected in native DRC,native_assignment_verified,NONSTIM_BOARD1_SPI_DL,1,NONSTIM_BOARD1_SPI_DL,"This assigned net has no missing connection in the supplied native DRC. This is copper connectivity, not electrical compatibility or a powered test. Provisional ASIC assignment: electrical limits, physical chip identity, mating continuity and capture timing remain unverified."
U1.G18,U1,G18,IO_L22P_T3_A17_15,15,1.5 V,Assigned · net connected,assigned net connected in native DRC,native_assignment_verified,NONSTIM_BOARD2_SPI_DR,1,NONSTIM_BOARD2_SPI_DR,"This assigned net has no missing connection in the supplied native DRC. This is copper connectivity, not electrical compatibility or a powered test. Provisional ASIC assignment: electrical limits, physical chip identity, mating continuity and capture timing remain unverified."
U1.G2,U1,G2,IO_L15N_T2_DQS_35,35,1.5 V,Assigned · net connected,assigned net connected in native DRC,native_assignment_verified,ASIC1_DATA6,1,ASIC1_DATA6,"This assigned net has no missing connection in the supplied native DRC. This is copper connectivity, not electrical compatibility or a powered test. Provisional ASIC assignment: electrical limits, physical chip identity, mating continuity and capture timing remain unverified."
U1.G3,U1,G3,IO_L20N_T3_35,35,1.5 V,Assigned · net connected,assigned net connected in native DRC,native_assignment_verified,ASIC2_DATA6,1,ASIC2_DATA6,"This assigned net has no missing connection in the supplied native DRC. This is copper connectivity, not electrical compatibility or a powered test. Provisional ASIC assignment: electrical limits, physical chip identity, mating continuity and capture timing remain unverified."
U1.G4,U1,G4,IO_L20P_T3_35,35,1.5 V,Assigned · net connected,assigned net connected in native DRC,native_assignment_verified,ASIC3_DATA5,1,ASIC3_DATA5,"This assigned net has no missing connection in the supplied native DRC. This is copper connectivity, not electrical compatibility or a powered test. Provisional ASIC assignment: electrical limits, physical chip identity, mating continuity and capture timing remain unverified."
U1.G5,U1,G5,VCCO_35,35,1.5 V,Assigned · net connected,assigned net connected in native DRC,native_assignment_verified,VCC_ASIC_1V5,1,,"This assigned net has no missing connection in the supplied native DRC. This is copper connectivity, not electrical compatibility or a powered test."
U1.G6,U1,G6,IO_L19P_T3_35,35,1.5 V,Assigned · net connected,assigned net connected in native DRC,native_assignment_verified,ASIC3_DATA8,1,ASIC3_DATA8,"This assigned net has no missing connection in the supplied native DRC. This is copper connectivity, not electrical compatibility or a powered test. Provisional ASIC assignment: electrical limits, physical chip identity, mating continuity and capture timing remain unverified."
U1.G7,U1,G7,VCCINT,NA,,Assigned · net connected,assigned net connected in native DRC,native_assignment_verified,VCCINT_1V0,1,,"This assigned net has no missing connection in the supplied native DRC. This is copper connectivity, not electrical compatibility or a powered test."
U1.G8,U1,G8,GND,NA,,Assigned · net connected,assigned net connected in native DRC,native_assignment_verified,GND,1,,"This assigned net has no missing connection in the supplied native DRC. This is copper connectivity, not electrical compatibility or a powered test."
U1.G9,U1,G9,VCCINT,NA,,Assigned · net connected,assigned net connected in native DRC,native_assignment_verified,VCCINT_1V0,1,,"This assigned net has no missing connection in the supplied native DRC. This is copper connectivity, not electrical compatibility or a powered test."
U1.H1,U1,H1,IO_L17P_T2_35,35,1.5 V,Assigned · net connected,assigned net connected in native DRC,native_assignment_verified,ASIC1_DATA5,1,ASIC1_DATA5,"This assigned net has no missing connection in the supplied native DRC. This is copper connectivity, not electrical compatibility or a powered test. Provisional ASIC assignment: electrical limits, physical chip identity, mating continuity and capture timing remain unverified."
U1.H10,U1,H10,VCCADC_0,0,1.8 V,Assigned · net connected,assigned net connected in native DRC,native_assignment_verified,VCCAUX_1V8,1,,"This assigned net has no missing connection in the supplied native DRC. This is copper connectivity, not electrical compatibility or a powered test."
U1.H11,U1,H11,GND,NA,,Assigned · net connected,assigned net connected in native DRC,native_assignment_verified,GND,1,,"This assigned net has no missing connection in the supplied native DRC. This is copper connectivity, not electrical compatibility or a powered test."
U1.H12,U1,H12,VCCAUX,NA,,Assigned · net connected,assigned net connected in native DRC,native_assignment_verified,VCCAUX_1V8,1,,"This assigned net has no missing connection in the supplied native DRC. This is copper connectivity, not electrical compatibility or a powered test."
U1.H13,U1,H13,GND,NA,,Assigned · net connected,assigned net connected in native DRC,native_assignment_verified,GND,1,,"This assigned net has no missing connection in the supplied native DRC. This is copper connectivity, not electrical compatibility or a powered test."
U1.H14,U1,H14,IO_L15P_T2_DQS_15,15,1.5 V,Assigned · net connected,assigned net connected in native DRC,native_assignment_verified,STIM_CHIP2_SPI_DR,1,STIM_CHIP2_SPI_DR,"This assigned net has no missing connection in the supplied native DRC. This is copper connectivity, not electrical compatibility or a powered test. Provisional ASIC assignment: electrical limits, physical chip identity, mating continuity and capture timing remain unverified."
U1.H15,U1,H15,IO_L19N_T3_A21_VREF_15,15,1.5 V,Unused · intentional NC,intentional no-connect,intentional_no_connect,,1,,GPIO/multifunction VREF alias; selected LVCMOS15/LVDS_25/1.8V configuration interface needs no external VREF here. The schematic NC marker documents intent; the bitstream must also set its unused-pin behavior.
U1.H16,U1,H16,IO_L13P_T2_MRCC_15,15,1.5 V,Unused · intentional NC,intentional no-connect,intentional_no_connect,,1,,No function or physical net in this revision; no boot/power pin removed. The schematic NC marker documents intent; the bitstream must also set its unused-pin behavior.
U1.H17,U1,H17,IO_L18P_T2_A24_15,15,1.5 V,Assigned · net connected,assigned net connected in native DRC,native_assignment_verified,NONSTIM_BOARD1_SPI_DR,1,NONSTIM_BOARD1_SPI_DR,"This assigned net has no missing connection in the supplied native DRC. This is copper connectivity, not electrical compatibility or a powered test. Provisional ASIC assignment: electrical limits, physical chip identity, mating continuity and capture timing remain unverified."
U1.H18,U1,H18,VCCO_15,15,1.5 V,Assigned · net connected,assigned net connected in native DRC,native_assignment_verified,VCC_ASIC_1V5,1,,"This assigned net has no missing connection in the supplied native DRC. This is copper connectivity, not electrical compatibility or a powered test."
U1.H2,U1,H2,IO_L15P_T2_DQS_35,35,1.5 V,Assigned · net connected,assigned net connected in native DRC,native_assignment_verified,ASIC2_DATA2,1,ASIC2_DATA2,"This assigned net has no missing connection in the supplied native DRC. This is copper connectivity, not electrical compatibility or a powered test. Provisional ASIC assignment: electrical limits, physical chip identity, mating continuity and capture timing remain unverified."
U1.H3,U1,H3,GND,NA,,Assigned · net connected,assigned net connected in native DRC,native_assignment_verified,GND,1,,"This assigned net has no missing connection in the supplied native DRC. This is copper connectivity, not electrical compatibility or a powered test."
U1.H4,U1,H4,IO_L21N_T3_DQS_35,35,1.5 V,Assigned · net connected,assigned net connected in native DRC,native_assignment_verified,ASIC3_DATA3,1,ASIC3_DATA3,"This assigned net has no missing connection in the supplied native DRC. This is copper connectivity, not electrical compatibility or a powered test. Provisional ASIC assignment: electrical limits, physical chip identity, mating continuity and capture timing remain unverified."
U1.H5,U1,H5,IO_L24N_T3_35,35,1.5 V,Assigned · net connected,assigned net connected in native DRC,native_assignment_verified,ASIC3_DATA7,1,ASIC3_DATA7,"This assigned net has no missing connection in the supplied native DRC. This is copper connectivity, not electrical compatibility or a powered test. Provisional ASIC assignment: electrical limits, physical chip identity, mating continuity and capture timing remain unverified."
U1.H6,U1,H6,IO_L24P_T3_35,35,1.5 V,Assigned · net connected,assigned net connected in native DRC,native_assignment_verified,ASIC3_SYNC,1,ASIC3_SYNC,"This assigned net has no missing connection in the supplied native DRC. This is copper connectivity, not electrical compatibility or a powered test. Provisional ASIC assignment: electrical limits, physical chip identity, mating continuity and capture timing remain unverified."
U1.H7,U1,H7,GND,NA,,Assigned · net connected,assigned net connected in native DRC,native_assignment_verified,GND,1,,"This assigned net has no missing connection in the supplied native DRC. This is copper connectivity, not electrical compatibility or a powered test."
U1.H8,U1,H8,VCCINT,NA,,Assigned · net connected,assigned net connected in native DRC,native_assignment_verified,VCCINT_1V0,1,,"This assigned net has no missing connection in the supplied native DRC. This is copper connectivity, not electrical compatibility or a powered test."
U1.H9,U1,H9,GNDADC_0,0,1.8 V,Assigned · net connected,assigned net connected in native DRC,native_assignment_verified,GND,1,,"This assigned net has no missing connection in the supplied native DRC. This is copper connectivity, not electrical compatibility or a powered test."
U1.J1,U1,J1,VCCO_35,35,1.5 V,Assigned · net connected,assigned net connected in native DRC,native_assignment_verified,VCC_ASIC_1V5,1,,"This assigned net has no missing connection in the supplied native DRC. This is copper connectivity, not electrical compatibility or a powered test."
U1.J10,U1,J10,VP_0,0,1.8 V,Assigned · net connected,assigned net connected in native DRC,native_assignment_verified,GND,1,,"This assigned net has no missing connection in the supplied native DRC. This is copper connectivity, not electrical compatibility or a powered test."
U1.J11,U1,J11,VCCINT,NA,,Assigned · net connected,assigned net connected in native DRC,native_assignment_verified,VCCINT_1V0,1,,"This assigned net has no missing connection in the supplied native DRC. This is copper connectivity, not electrical compatibility or a powered test."
U1.J12,U1,J12,GND,NA,,Assigned · net connected,assigned net connected in native DRC,native_assignment_verified,GND,1,,"This assigned net has no missing connection in the supplied native DRC. This is copper connectivity, not electrical compatibility or a powered test."
U1.J13,U1,J13,IO_L17N_T2_A25_15,15,1.5 V,Assigned · net connected,assigned net connected in native DRC,native_assignment_verified,STIM_CHIP1_SPI_DR,1,STIM_CHIP1_SPI_DR,"This assigned net has no missing connection in the supplied native DRC. This is copper connectivity, not electrical compatibility or a powered test. Provisional ASIC assignment: electrical limits, physical chip identity, mating continuity and capture timing remain unverified."
U1.J14,U1,J14,IO_L19P_T3_A22_15,15,1.5 V,Assigned · net connected,assigned net connected in native DRC,native_assignment_verified,STIM_CHIP1_SPI_DL,1,STIM_CHIP1_SPI_DL,"This assigned net has no missing connection in the supplied native DRC. This is copper connectivity, not electrical compatibility or a powered test. Provisional ASIC assignment: electrical limits, physical chip identity, mating continuity and capture timing remain unverified."
U1.J15,U1,J15,IO_L24N_T3_RS0_15,15,1.5 V,Assigned · net connected,assigned net connected in native DRC,native_assignment_verified,STIM_CHIP3_SPI_DL,1,STIM_CHIP3_SPI_DL,"This assigned net has no missing connection in the supplied native DRC. This is copper connectivity, not electrical compatibility or a powered test. Provisional ASIC assignment: electrical limits, physical chip identity, mating continuity and capture timing remain unverified."
U1.J16,U1,J16,GND,NA,,Assigned · net connected,assigned net connected in native DRC,native_assignment_verified,GND,1,,"This assigned net has no missing connection in the supplied native DRC. This is copper connectivity, not electrical compatibility or a powered test."
U1.J17,U1,J17,IO_L23P_T3_FOE_B_15,15,1.5 V,Assigned · net connected,assigned net connected in native DRC,native_assignment_verified,STIM_CHIP4_SPI_DL,1,STIM_CHIP4_SPI_DL,"This assigned net has no missing connection in the supplied native DRC. This is copper connectivity, not electrical compatibility or a powered test. Provisional ASIC assignment: electrical limits, physical chip identity, mating continuity and capture timing remain unverified."
U1.J18,U1,J18,IO_L23N_T3_FWE_B_15,15,1.5 V,Assigned · net connected,assigned net connected in native DRC,native_assignment_verified,NONSTIM_BOARD2_SPI_DL,1,NONSTIM_BOARD2_SPI_DL,"This assigned net has no missing connection in the supplied native DRC. This is copper connectivity, not electrical compatibility or a powered test. Provisional ASIC assignment: electrical limits, physical chip identity, mating continuity and capture timing remain unverified."
U1.J2,U1,J2,IO_L22N_T3_35,35,1.5 V,Assigned · net connected,assigned net connected in native DRC,native_assignment_verified,ASIC1_SYNC,1,ASIC1_SYNC,"This assigned net has no missing connection in the supplied native DRC. This is copper connectivity, not electrical compatibility or a powered test. Provisional ASIC assignment: electrical limits, physical chip identity, mating continuity and capture timing remain unverified."
U1.J3,U1,J3,IO_L22P_T3_35,35,1.5 V,Assigned · net connected,assigned net connected in native DRC,native_assignment_verified,ASIC2_DATA4,1,ASIC2_DATA4,"This assigned net has no missing connection in the supplied native DRC. This is copper connectivity, not electrical compatibility or a powered test. Provisional ASIC assignment: electrical limits, physical chip identity, mating continuity and capture timing remain unverified."
U1.J4,U1,J4,IO_L21P_T3_DQS_35,35,1.5 V,Assigned · net connected,assigned net connected in native DRC,native_assignment_verified,ASIC3_DATA1,1,ASIC3_DATA1,"This assigned net has no missing connection in the supplied native DRC. This is copper connectivity, not electrical compatibility or a powered test. Provisional ASIC assignment: electrical limits, physical chip identity, mating continuity and capture timing remain unverified."
U1.J5,U1,J5,IO_25_35,35,1.5 V,Assigned · net connected,assigned net connected in native DRC,native_assignment_verified,ASIC3_DATA2,1,ASIC3_DATA2,"This assigned net has no missing connection in the supplied native DRC. This is copper connectivity, not electrical compatibility or a powered test. Provisional ASIC assignment: electrical limits, physical chip identity, mating continuity and capture timing remain unverified."
U1.J6,U1,J6,GND,NA,,Assigned · net connected,assigned net connected in native DRC,native_assignment_verified,GND,1,,"This assigned net has no missing connection in the supplied native DRC. This is copper connectivity, not electrical compatibility or a powered test."
U1.J7,U1,J7,VCCINT,NA,,Assigned · net connected,assigned net connected in native DRC,native_assignment_verified,VCCINT_1V0,1,,"This assigned net has no missing connection in the supplied native DRC. This is copper connectivity, not electrical compatibility or a powered test."
U1.J8,U1,J8,GND,NA,,Assigned · net connected,assigned net connected in native DRC,native_assignment_verified,GND,1,,"This assigned net has no missing connection in the supplied native DRC. This is copper connectivity, not electrical compatibility or a powered test."
U1.J9,U1,J9,VREFN_0,0,1.8 V,Assigned · net connected,assigned net connected in native DRC,native_assignment_verified,GND,1,,"This assigned net has no missing connection in the supplied native DRC. This is copper connectivity, not electrical compatibility or a powered test."
U1.K1,U1,K1,IO_L23N_T3_35,35,1.5 V,Assigned · net connected,assigned net connected in native DRC,native_assignment_verified,ASIC1_DATA1,1,ASIC1_DATA1,"This assigned net has no missing connection in the supplied native DRC. This is copper connectivity, not electrical compatibility or a powered test. Provisional ASIC assignment: electrical limits, physical chip identity, mating continuity and capture timing remain unverified."
U1.K10,U1,K10,VREFP_0,0,1.8 V,Assigned · net connected,assigned net connected in native DRC,native_assignment_verified,GND,1,,"This assigned net has no missing connection in the supplied native DRC. This is copper connectivity, not electrical compatibility or a powered test."
U1.K11,U1,K11,GND,NA,,Assigned · net connected,assigned net connected in native DRC,native_assignment_verified,GND,1,,"This assigned net has no missing connection in the supplied native DRC. This is copper connectivity, not electrical compatibility or a powered test."
U1.K12,U1,K12,VCCAUX,NA,,Assigned · net connected,assigned net connected in native DRC,native_assignment_verified,VCCAUX_1V8,1,,"This assigned net has no missing connection in the supplied native DRC. This is copper connectivity, not electrical compatibility or a powered test."
U1.K13,U1,K13,IO_L17P_T2_A26_15,15,1.5 V,Assigned · net connected,assigned net connected in native DRC,native_assignment_verified,BOARD4_SPI_CLK,1,BOARD4_SPI_CLK,"This assigned net has no missing connection in the supplied native DRC. This is copper connectivity, not electrical compatibility or a powered test. Provisional ASIC assignment: electrical limits, physical chip identity, mating continuity and capture timing remain unverified."
U1.K14,U1,K14,VCCO_15,15,1.5 V,Assigned · net connected,assigned net connected in native DRC,native_assignment_verified,VCC_ASIC_1V5,1,,"This assigned net has no missing connection in the supplied native DRC. This is copper connectivity, not electrical compatibility or a powered test."
U1.K15,U1,K15,IO_L24P_T3_RS1_15,15,1.5 V,Assigned · net connected,assigned net connected in native DRC,native_assignment_verified,STIM_CHIP3_SPI_DR,1,STIM_CHIP3_SPI_DR,"This assigned net has no missing connection in the supplied native DRC. This is copper connectivity, not electrical compatibility or a powered test. Provisional ASIC assignment: electrical limits, physical chip identity, mating continuity and capture timing remain unverified."
U1.K16,U1,K16,IO_25_15,15,1.5 V,Assigned · net connected,assigned net connected in native DRC,native_assignment_verified,STIM_CHIP4_SPI_DR,1,STIM_CHIP4_SPI_DR,"This assigned net has no missing connection in the supplied native DRC. This is copper connectivity, not electrical compatibility or a powered test. Provisional ASIC assignment: electrical limits, physical chip identity, mating continuity and capture timing remain unverified."
U1.K17,U1,K17,IO_L1P_T0_D00_MOSI_14,14,1.8 V,Assigned · net connected,assigned net connected in native DRC,native_assignment_verified,FPGA_CFG_DQ0,1,,"This assigned net has no missing connection in the supplied native DRC. This is copper connectivity, not electrical compatibility or a powered test."
U1.K18,U1,K18,IO_L1N_T0_D01_DIN_14,14,1.8 V,Assigned · net connected,assigned net connected in native DRC,native_assignment_verified,FPGA_CFG_DQ1,1,,"This assigned net has no missing connection in the supplied native DRC. This is copper connectivity, not electrical compatibility or a powered test."
U1.K2,U1,K2,IO_L23P_T3_35,35,1.5 V,Assigned · net connected,assigned net connected in native DRC,native_assignment_verified,ASIC1_DATA3,1,ASIC1_DATA3,"This assigned net has no missing connection in the supplied native DRC. This is copper connectivity, not electrical compatibility or a powered test. Provisional ASIC assignment: electrical limits, physical chip identity, mating continuity and capture timing remain unverified."
U1.K3,U1,K3,IO_L2P_T0_34,34,1.5 V,Assigned · net connected,assigned net connected in native DRC,native_assignment_verified,ASIC6_DATA5,1,ASIC6_DATA5,"This assigned net has no missing connection in the supplied native DRC. This is copper connectivity, not electrical compatibility or a powered test. Provisional ASIC assignment: electrical limits, physical chip identity, mating continuity and capture timing remain unverified."
U1.K4,U1,K4,VCCO_34,34,1.5 V,Assigned · net connected,assigned net connected in native DRC,native_assignment_verified,VCC_ASIC_1V5,1,,"This assigned net has no missing connection in the supplied native DRC. This is copper connectivity, not electrical compatibility or a powered test."
U1.K5,U1,K5,IO_L5P_T0_34,34,1.5 V,Assigned · net connected,assigned net connected in native DRC,native_assignment_verified,ASIC8_DATA5,1,ASIC8_DATA5,"This assigned net has no missing connection in the supplied native DRC. This is copper connectivity, not electrical compatibility or a powered test. Provisional ASIC assignment: electrical limits, physical chip identity, mating continuity and capture timing remain unverified."
U1.K6,U1,K6,IO_0_34,34,1.5 V,Assigned · net connected,assigned net connected in native DRC,native_assignment_verified,ASIC8_SYNC,1,ASIC8_SYNC,"This assigned net has no missing connection in the supplied native DRC. This is copper connectivity, not electrical compatibility or a powered test. Provisional ASIC assignment: electrical limits, physical chip identity, mating continuity and capture timing remain unverified."
U1.K7,U1,K7,GND,NA,,Assigned · net connected,assigned net connected in native DRC,native_assignment_verified,GND,1,,"This assigned net has no missing connection in the supplied native DRC. This is copper connectivity, not electrical compatibility or a powered test."
U1.K8,U1,K8,VCCINT,NA,,Assigned · net connected,assigned net connected in native DRC,native_assignment_verified,VCCINT_1V0,1,,"This assigned net has no missing connection in the supplied native DRC. This is copper connectivity, not electrical compatibility or a powered test."
U1.K9,U1,K9,VN_0,0,1.8 V,Assigned · net connected,assigned net connected in native DRC,native_assignment_verified,GND,1,,"This assigned net has no missing connection in the supplied native DRC. This is copper connectivity, not electrical compatibility or a powered test."
U1.L1,U1,L1,IO_L1P_T0_34,34,1.5 V,Assigned · net connected,assigned net connected in native DRC,native_assignment_verified,ASIC6_DATA6,1,ASIC6_DATA6,"This assigned net has no missing connection in the supplied native DRC. This is copper connectivity, not electrical compatibility or a powered test. Provisional ASIC assignment: electrical limits, physical chip identity, mating continuity and capture timing remain unverified."
U1.L10,U1,L10,DXP_0,0,1.8 V,Assigned · net connected,assigned net connected in native DRC,native_assignment_verified,GND,1,,"This assigned net has no missing connection in the supplied native DRC. This is copper connectivity, not electrical compatibility or a powered test. The earlier NC marker was removed and the native pin is now GND. Assignment and physical copper completion are different checks."
U1.L11,U1,L11,VCCINT,NA,,Assigned · net connected,assigned net connected in native DRC,native_assignment_verified,VCCINT_1V0,1,,"This assigned net has no missing connection in the supplied native DRC. This is copper connectivity, not electrical compatibility or a powered test."
U1.L12,U1,L12,GND,NA,,Assigned · net connected,assigned net connected in native DRC,native_assignment_verified,GND,1,,"This assigned net has no missing connection in the supplied native DRC. This is copper connectivity, not electrical compatibility or a powered test."
U1.L13,U1,L13,IO_L6P_T0_FCS_B_14,14,1.8 V,Assigned · net connected,assigned net connected in native DRC,native_assignment_verified,FLASH_CS_B,1,,"This assigned net has no missing connection in the supplied native DRC. This is copper connectivity, not electrical compatibility or a powered test."
U1.L14,U1,L14,IO_L2P_T0_D02_14,14,1.8 V,Unused · intentional NC,intentional no-connect,intentional_no_connect,,1,,"Unused optional quad-SPI configuration data pin. The selected Master SPI x1 boot uses CS, CCLK, DQ0 and DQ1. R106/R107 are removed; flash WP# and RESET# retain their separate pull-ups. The schematic NC marker documents intent; the bitstream must also set its unused-pin behavior."
U1.L15,U1,L15,IO_L3P_T0_DQS_PUDC_B_14,14,1.8 V,Assigned · net connected,assigned net connected in native DRC,native_assignment_verified,CFG_PUDC_B,1,,"This assigned net has no missing connection in the supplied native DRC. This is copper connectivity, not electrical compatibility or a powered test."
U1.L16,U1,L16,IO_L3N_T0_DQS_EMCCLK_14,14,1.8 V,Unused · intentional NC,intentional no-connect,intentional_no_connect,,1,,EMCCLK is unused; master SPI uses internal CCLK. Keep EXTMASTERCCLK_EN disabled. The schematic NC marker documents intent; the bitstream must also set its unused-pin behavior.
U1.L17,U1,L17,VCCO_14,14,1.8 V,Assigned · net connected,assigned net connected in native DRC,native_assignment_verified,VCCAUX_1V8,1,,"This assigned net has no missing connection in the supplied native DRC. This is copper connectivity, not electrical compatibility or a powered test."
U1.L18,U1,L18,IO_L4P_T0_D04_14,14,1.8 V,Unused · intentional NC,intentional no-connect,intentional_no_connect,,1,,No function or physical net in this revision; no boot/power pin removed. The schematic NC marker documents intent; the bitstream must also set its unused-pin behavior.
U1.L2,U1,L2,GND,NA,,Assigned · net connected,assigned net connected in native DRC,native_assignment_verified,GND,1,,"This assigned net has no missing connection in the supplied native DRC. This is copper connectivity, not electrical compatibility or a powered test."
U1.L3,U1,L3,IO_L2N_T0_34,34,1.5 V,Assigned · net connected,assigned net connected in native DRC,native_assignment_verified,ASIC6_READ,1,ASIC6_READ,"This assigned net has no missing connection in the supplied native DRC. This is copper connectivity, not electrical compatibility or a powered test. Provisional ASIC assignment: electrical limits, physical chip identity, mating continuity and capture timing remain unverified."
U1.L4,U1,L4,IO_L5N_T0_34,34,1.5 V,Assigned · net connected,assigned net connected in native DRC,native_assignment_verified,ASIC8_DATA4,1,ASIC8_DATA4,"This assigned net has no missing connection in the supplied native DRC. This is copper connectivity, not electrical compatibility or a powered test. Provisional ASIC assignment: electrical limits, physical chip identity, mating continuity and capture timing remain unverified."
U1.L5,U1,L5,IO_L6N_T0_VREF_34,34,1.5 V,Unused · intentional NC,intentional no-connect,intentional_no_connect,,1,,GPIO/multifunction VREF alias; selected LVCMOS15/LVDS_25/1.8V configuration interface needs no external VREF here. The schematic NC marker documents intent; the bitstream must also set its unused-pin behavior.
U1.L6,U1,L6,IO_L6P_T0_34,34,1.5 V,Assigned · net connected,assigned net connected in native DRC,native_assignment_verified,ASIC8_DATA7,1,ASIC8_DATA7,"This assigned net has no missing connection in the supplied native DRC. This is copper connectivity, not electrical compatibility or a powered test. Provisional ASIC assignment: electrical limits, physical chip identity, mating continuity and capture timing remain unverified."
U1.L7,U1,L7,VCCINT,NA,,Assigned · net connected,assigned net connected in native DRC,native_assignment_verified,VCCINT_1V0,1,,"This assigned net has no missing connection in the supplied native DRC. This is copper connectivity, not electrical compatibility or a powered test."
U1.L8,U1,L8,GND,NA,,Assigned · net connected,assigned net connected in native DRC,native_assignment_verified,GND,1,,"This assigned net has no missing connection in the supplied native DRC. This is copper connectivity, not electrical compatibility or a powered test."
U1.L9,U1,L9,DXN_0,0,1.8 V,Assigned · net connected,assigned net connected in native DRC,native_assignment_verified,GND,1,,"This assigned net has no missing connection in the supplied native DRC. This is copper connectivity, not electrical compatibility or a powered test. The earlier NC marker was removed and the native pin is now GND. Assignment and physical copper completion are different checks."
U1.M1,U1,M1,IO_L1N_T0_34,34,1.5 V,Assigned · net connected,assigned net connected in native DRC,native_assignment_verified,ASIC6_DATA4,1,ASIC6_DATA4,"This assigned net has no missing connection in the supplied native DRC. This is copper connectivity, not electrical compatibility or a powered test. Provisional ASIC assignment: electrical limits, physical chip identity, mating continuity and capture timing remain unverified."
U1.M10,U1,M10,VCCINT,NA,,Assigned · net connected,assigned net connected in native DRC,native_assignment_verified,VCCINT_1V0,1,,"This assigned net has no missing connection in the supplied native DRC. This is copper connectivity, not electrical compatibility or a powered test."
U1.M11,U1,M11,GND,NA,,Assigned · net connected,assigned net connected in native DRC,native_assignment_verified,GND,1,,"This assigned net has no missing connection in the supplied native DRC. This is copper connectivity, not electrical compatibility or a powered test."
U1.M12,U1,M12,VCCAUX,NA,,Assigned · net connected,assigned net connected in native DRC,native_assignment_verified,VCCAUX_1V8,1,,"This assigned net has no missing connection in the supplied native DRC. This is copper connectivity, not electrical compatibility or a powered test."
U1.M13,U1,M13,IO_L6N_T0_D08_VREF_14,14,1.8 V,Unused · intentional NC,intentional no-connect,intentional_no_connect,,1,,GPIO/multifunction VREF alias; selected LVCMOS15/LVDS_25/1.8V configuration interface needs no external VREF here. The schematic NC marker documents intent; the bitstream must also set its unused-pin behavior.
U1.M14,U1,M14,IO_L2N_T0_D03_14,14,1.8 V,Unused · intentional NC,intentional no-connect,intentional_no_connect,,1,,"Unused optional quad-SPI configuration data pin. The selected Master SPI x1 boot uses CS, CCLK, DQ0 and DQ1. R106/R107 are removed; flash WP# and RESET# retain their separate pull-ups. The schematic NC marker documents intent; the bitstream must also set its unused-pin behavior."
U1.M15,U1,M15,GND,NA,,Assigned · net connected,assigned net connected in native DRC,native_assignment_verified,GND,1,,"This assigned net has no missing connection in the supplied native DRC. This is copper connectivity, not electrical compatibility or a powered test."
U1.M16,U1,M16,IO_L10P_T1_D14_14,14,1.8 V,Unused · intentional NC,intentional no-connect,intentional_no_connect,,1,,No function or physical net in this revision; no boot/power pin removed. The schematic NC marker documents intent; the bitstream must also set its unused-pin behavior.
U1.M17,U1,M17,IO_L10N_T1_D15_14,14,1.8 V,Unused · intentional NC,intentional no-connect,intentional_no_connect,,1,,No function or physical net in this revision; no boot/power pin removed. The schematic NC marker documents intent; the bitstream must also set its unused-pin behavior.
U1.M18,U1,M18,IO_L4N_T0_D05_14,14,1.8 V,Unused · intentional NC,intentional no-connect,intentional_no_connect,,1,,No function or physical net in this revision; no boot/power pin removed. The schematic NC marker documents intent; the bitstream must also set its unused-pin behavior.
U1.M2,U1,M2,IO_L4N_T0_34,34,1.5 V,Assigned · net connected,assigned net connected in native DRC,native_assignment_verified,ASIC6_DATA1,1,ASIC6_DATA1,"This assigned net has no missing connection in the supplied native DRC. This is copper connectivity, not electrical compatibility or a powered test. Provisional ASIC assignment: electrical limits, physical chip identity, mating continuity and capture timing remain unverified."
U1.M3,U1,M3,IO_L4P_T0_34,34,1.5 V,Assigned · net connected,assigned net connected in native DRC,native_assignment_verified,ASIC6_DATA3,1,ASIC6_DATA3,"This assigned net has no missing connection in the supplied native DRC. This is copper connectivity, not electrical compatibility or a powered test. Provisional ASIC assignment: electrical limits, physical chip identity, mating continuity and capture timing remain unverified."
U1.M4,U1,M4,IO_L16P_T2_34,34,1.5 V,Assigned · net connected,assigned net connected in native DRC,native_assignment_verified,ASIC8_DATA2,1,ASIC8_DATA2,"This assigned net has no missing connection in the supplied native DRC. This is copper connectivity, not electrical compatibility or a powered test. Provisional ASIC assignment: electrical limits, physical chip identity, mating continuity and capture timing remain unverified."
U1.M5,U1,M5,GND,NA,,Assigned · net connected,assigned net connected in native DRC,native_assignment_verified,GND,1,,"This assigned net has no missing connection in the supplied native DRC. This is copper connectivity, not electrical compatibility or a powered test."
U1.M6,U1,M6,IO_L18P_T2_34,34,1.5 V,Assigned · net connected,assigned net connected in native DRC,native_assignment_verified,ASIC8_DATA1,1,ASIC8_DATA1,"This assigned net has no missing connection in the supplied native DRC. This is copper connectivity, not electrical compatibility or a powered test. Provisional ASIC assignment: electrical limits, physical chip identity, mating continuity and capture timing remain unverified."
U1.M7,U1,M7,GND,NA,,Assigned · net connected,assigned net connected in native DRC,native_assignment_verified,GND,1,,"This assigned net has no missing connection in the supplied native DRC. This is copper connectivity, not electrical compatibility or a powered test."
U1.M8,U1,M8,VCCINT,NA,,Assigned · net connected,assigned net connected in native DRC,native_assignment_verified,VCCINT_1V0,1,,"This assigned net has no missing connection in the supplied native DRC. This is copper connectivity, not electrical compatibility or a powered test."
U1.M9,U1,M9,GND,NA,,Assigned · net connected,assigned net connected in native DRC,native_assignment_verified,GND,1,,"This assigned net has no missing connection in the supplied native DRC. This is copper connectivity, not electrical compatibility or a powered test."
U1.N1,U1,N1,IO_L3N_T0_DQS_34,34,1.5 V,Assigned · net connected,assigned net connected in native DRC,native_assignment_verified,ASIC6_DATA2,1,ASIC6_DATA2,"This assigned net has no missing connection in the supplied native DRC. This is copper connectivity, not electrical compatibility or a powered test. Provisional ASIC assignment: electrical limits, physical chip identity, mating continuity and capture timing remain unverified."
U1.N10,U1,N10,GND,NA,,Assigned · net connected,assigned net connected in native DRC,native_assignment_verified,GND,1,,"This assigned net has no missing connection in the supplied native DRC. This is copper connectivity, not electrical compatibility or a powered test."
U1.N11,U1,N11,VCCINT,NA,,Assigned · net connected,assigned net connected in native DRC,native_assignment_verified,VCCINT_1V0,1,,"This assigned net has no missing connection in the supplied native DRC. This is copper connectivity, not electrical compatibility or a powered test."
U1.N12,U1,N12,GND,NA,,Assigned · net connected,assigned net connected in native DRC,native_assignment_verified,GND,1,,"This assigned net has no missing connection in the supplied native DRC. This is copper connectivity, not electrical compatibility or a powered test."
U1.N13,U1,N13,VCCO_14,14,1.8 V,Assigned · net connected,assigned net connected in native DRC,native_assignment_verified,VCCAUX_1V8,1,,"This assigned net has no missing connection in the supplied native DRC. This is copper connectivity, not electrical compatibility or a powered test."
U1.N14,U1,N14,IO_L8P_T1_D11_14,14,1.8 V,Unused · intentional NC,intentional no-connect,intentional_no_connect,,1,,No function or physical net in this revision; no boot/power pin removed. The schematic NC marker documents intent; the bitstream must also set its unused-pin behavior.
U1.N15,U1,N15,IO_L11P_T1_SRCC_14,14,1.8 V,Unused · intentional NC,intentional no-connect,intentional_no_connect,,1,,No function or physical net in this revision; no boot/power pin removed. The schematic NC marker documents intent; the bitstream must also set its unused-pin behavior.
U1.N16,U1,N16,IO_L11N_T1_SRCC_14,14,1.8 V,Unused · intentional NC,intentional no-connect,intentional_no_connect,,1,,No function or physical net in this revision; no boot/power pin removed. The schematic NC marker documents intent; the bitstream must also set its unused-pin behavior.
U1.N17,U1,N17,IO_L9P_T1_DQS_14,14,1.8 V,Unused · intentional NC,intentional no-connect,intentional_no_connect,,1,,No function or physical net in this revision; no boot/power pin removed. The schematic NC marker documents intent; the bitstream must also set its unused-pin behavior.
U1.N18,U1,N18,GND,NA,,Assigned · net connected,assigned net connected in native DRC,native_assignment_verified,GND,1,,"This assigned net has no missing connection in the supplied native DRC. This is copper connectivity, not electrical compatibility or a powered test."
U1.N2,U1,N2,IO_L3P_T0_DQS_34,34,1.5 V,Assigned · net connected,assigned net connected in native DRC,native_assignment_verified,ASIC6_DATA8,1,ASIC6_DATA8,"This assigned net has no missing connection in the supplied native DRC. This is copper connectivity, not electrical compatibility or a powered test. Provisional ASIC assignment: electrical limits, physical chip identity, mating continuity and capture timing remain unverified."
U1.N3,U1,N3,VCCO_34,34,1.5 V,Assigned · net connected,assigned net connected in native DRC,native_assignment_verified,VCC_ASIC_1V5,1,,"This assigned net has no missing connection in the supplied native DRC. This is copper connectivity, not electrical compatibility or a powered test."
U1.N4,U1,N4,IO_L16N_T2_34,34,1.5 V,Assigned · net connected,assigned net connected in native DRC,native_assignment_verified,ASIC6_DATA7,1,ASIC6_DATA7,"This assigned net has no missing connection in the supplied native DRC. This is copper connectivity, not electrical compatibility or a powered test. Provisional ASIC assignment: electrical limits, physical chip identity, mating continuity and capture timing remain unverified."
U1.N5,U1,N5,IO_L13P_T2_MRCC_34,34,1.5 V,Assigned · net connected,assigned net connected in native DRC,native_assignment_verified,ASIC8_CLK32MHz_Out,1,ASIC8_CLK32MHz_Out,"This assigned net has no missing connection in the supplied native DRC. This is copper connectivity, not electrical compatibility or a powered test. Provisional ASIC assignment: electrical limits, physical chip identity, mating continuity and capture timing remain unverified."
U1.N6,U1,N6,IO_L18N_T2_34,34,1.5 V,Assigned · net connected,assigned net connected in native DRC,native_assignment_verified,ASIC8_DATA8,1,ASIC8_DATA8,"This assigned net has no missing connection in the supplied native DRC. This is copper connectivity, not electrical compatibility or a powered test. Provisional ASIC assignment: electrical limits, physical chip identity, mating continuity and capture timing remain unverified."
U1.N7,U1,N7,VCCINT,NA,,Assigned · net connected,assigned net connected in native DRC,native_assignment_verified,VCCINT_1V0,1,,"This assigned net has no missing connection in the supplied native DRC. This is copper connectivity, not electrical compatibility or a powered test."
U1.N8,U1,N8,GND,NA,,Assigned · net connected,assigned net connected in native DRC,native_assignment_verified,GND,1,,"This assigned net has no missing connection in the supplied native DRC. This is copper connectivity, not electrical compatibility or a powered test."
U1.N9,U1,N9,VCCINT,NA,,Assigned · net connected,assigned net connected in native DRC,native_assignment_verified,VCCINT_1V0,1,,"This assigned net has no missing connection in the supplied native DRC. This is copper connectivity, not electrical compatibility or a powered test."
U1.P1,U1,P1,GND,NA,,Assigned · net connected,assigned net connected in native DRC,native_assignment_verified,GND,1,,"This assigned net has no missing connection in the supplied native DRC. This is copper connectivity, not electrical compatibility or a powered test."
U1.P10,U1,P10,DONE_0,0,1.8 V,Assigned · net connected,assigned net connected in native DRC,native_assignment_verified,FPGA_DONE,1,,"This assigned net has no missing connection in the supplied native DRC. This is copper connectivity, not electrical compatibility or a powered test."
U1.P11,U1,P11,M2_0,0,1.8 V,Assigned · net connected,assigned net connected in native DRC,native_assignment_verified,GND,1,,"This assigned net has no missing connection in the supplied native DRC. This is copper connectivity, not electrical compatibility or a powered test. M2 is tied directly to GND and R113 is omitted, as permitted by UG470. Master SPI mode 001 and normal JTAG access remain; changing to mode 101 for isolated debug now requires a copper rework instead of a resistor change."
U1.P12,U1,P12,M0_0,0,1.8 V,Assigned · net connected,assigned net connected in native DRC,native_assignment_verified,CFG_M0,1,,"This assigned net has no missing connection in the supplied native DRC. This is copper connectivity, not electrical compatibility or a powered test."
U1.P13,U1,P13,M1_0,0,1.8 V,Assigned · net connected,assigned net connected in native DRC,native_assignment_verified,GND,1,,"This assigned net has no missing connection in the supplied native DRC. This is copper connectivity, not electrical compatibility or a powered test. This revision replaces the M1 pull-down resistor R112 with a direct GND connection; SPI mode selection is preserved by the defined M[2:0] straps."
U1.P14,U1,P14,IO_L8N_T1_D12_14,14,1.8 V,Unused · intentional NC,intentional no-connect,intentional_no_connect,,1,,No function or physical net in this revision; no boot/power pin removed. The schematic NC marker documents intent; the bitstream must also set its unused-pin behavior.
U1.P15,U1,P15,IO_L13P_T2_MRCC_14,14,1.8 V,Unused · intentional NC,intentional no-connect,intentional_no_connect,,1,,No function or physical net in this revision; no boot/power pin removed. The schematic NC marker documents intent; the bitstream must also set its unused-pin behavior.
U1.P16,U1,P16,VCCO_14,14,1.8 V,Assigned · net connected,assigned net connected in native DRC,native_assignment_verified,VCCAUX_1V8,1,,"This assigned net has no missing connection in the supplied native DRC. This is copper connectivity, not electrical compatibility or a powered test."
U1.P17,U1,P17,IO_L12P_T1_MRCC_14,14,1.8 V,Assigned · net connected,assigned net connected in native DRC,native_assignment_verified,CLK_32MHZ,1,,"This assigned net has no missing connection in the supplied native DRC. This is copper connectivity, not electrical compatibility or a powered test."
U1.P18,U1,P18,IO_L9N_T1_DQS_D13_14,14,1.8 V,Unused · intentional NC,intentional no-connect,intentional_no_connect,,1,,No function or physical net in this revision; no boot/power pin removed. The schematic NC marker documents intent; the bitstream must also set its unused-pin behavior.
U1.P2,U1,P2,IO_L15P_T2_DQS_34,34,1.5 V,Assigned · net connected,assigned net connected in native DRC,native_assignment_verified,ASIC5_SYNC,1,ASIC5_SYNC,"This assigned net has no missing connection in the supplied native DRC. This is copper connectivity, not electrical compatibility or a powered test. Provisional ASIC assignment: electrical limits, physical chip identity, mating continuity and capture timing remain unverified."
U1.P3,U1,P3,IO_L14N_T2_SRCC_34,34,1.5 V,Unused · intentional NC,intentional no-connect,intentional_no_connect,,1,,Unused N mate of single-ended LVCMOS15 returned-clock P ball P4; no differential receiver instantiated. The schematic NC marker documents intent; the bitstream must also set its unused-pin behavior.
U1.P4,U1,P4,IO_L14P_T2_SRCC_34,34,1.5 V,Assigned · net connected,assigned net connected in native DRC,native_assignment_verified,ASIC6_CLK32MHz_Out,1,ASIC6_CLK32MHz_Out,"This assigned net has no missing connection in the supplied native DRC. This is copper connectivity, not electrical compatibility or a powered test. Provisional ASIC assignment: electrical limits, physical chip identity, mating continuity and capture timing remain unverified."
U1.P5,U1,P5,IO_L13N_T2_MRCC_34,34,1.5 V,Unused · intentional NC,intentional no-connect,intentional_no_connect,,1,,Unused N mate of single-ended LVCMOS15 returned-clock P ball N5; no differential receiver instantiated. The schematic NC marker documents intent; the bitstream must also set its unused-pin behavior.
U1.P6,U1,P6,VCCO_34,34,1.5 V,Assigned · net connected,assigned net connected in native DRC,native_assignment_verified,VCC_ASIC_1V5,1,,"This assigned net has no missing connection in the supplied native DRC. This is copper connectivity, not electrical compatibility or a powered test."
U1.P7,U1,P7,INIT_B_0,0,1.8 V,Assigned · net connected,assigned net connected in native DRC,native_assignment_verified,FPGA_INIT_B,1,,"This assigned net has no missing connection in the supplied native DRC. This is copper connectivity, not electrical compatibility or a powered test."
U1.P8,U1,P8,CFGBVS_0,0,1.8 V,Assigned · net connected,assigned net connected in native DRC,native_assignment_verified,GND,1,,"This assigned net has no missing connection in the supplied native DRC. This is copper connectivity, not electrical compatibility or a powered test."
U1.P9,U1,P9,PROGRAM_B_0,0,1.8 V,Assigned · net connected,assigned net connected in native DRC,native_assignment_verified,FPGA_PROGRAM_B,1,,"This assigned net has no missing connection in the supplied native DRC. This is copper connectivity, not electrical compatibility or a powered test."
U1.R1,U1,R1,IO_L17P_T2_34,34,1.5 V,Assigned · net connected,assigned net connected in native DRC,native_assignment_verified,ASIC5_DATA2,1,ASIC5_DATA2,"This assigned net has no missing connection in the supplied native DRC. This is copper connectivity, not electrical compatibility or a powered test. Provisional ASIC assignment: electrical limits, physical chip identity, mating continuity and capture timing remain unverified."
U1.R10,U1,R10,IO_25_14,14,1.8 V,Unused · intentional NC,intentional no-connect,intentional_no_connect,,1,,No function or physical net in this revision; no boot/power pin removed. The schematic NC marker documents intent; the bitstream must also set its unused-pin behavior.
U1.R11,U1,R11,IO_0_14,14,1.8 V,Unused · intentional NC,intentional no-connect,intentional_no_connect,,1,,No function or physical net in this revision; no boot/power pin removed. The schematic NC marker documents intent; the bitstream must also set its unused-pin behavior.
U1.R12,U1,R12,IO_L5P_T0_D06_14,14,1.8 V,Unused · intentional NC,intentional no-connect,intentional_no_connect,,1,,No function or physical net in this revision; no boot/power pin removed. The schematic NC marker documents intent; the bitstream must also set its unused-pin behavior.
U1.R13,U1,R13,IO_L5N_T0_D07_14,14,1.8 V,Unused · intentional NC,intentional no-connect,intentional_no_connect,,1,,No function or physical net in this revision; no boot/power pin removed. The schematic NC marker documents intent; the bitstream must also set its unused-pin behavior.
U1.R14,U1,R14,GND,NA,,Assigned · net connected,assigned net connected in native DRC,native_assignment_verified,GND,1,,"This assigned net has no missing connection in the supplied native DRC. This is copper connectivity, not electrical compatibility or a powered test."
U1.R15,U1,R15,IO_L13N_T2_MRCC_14,14,1.8 V,Unused · intentional NC,intentional no-connect,intentional_no_connect,,1,,No function or physical net in this revision; no boot/power pin removed. The schematic NC marker documents intent; the bitstream must also set its unused-pin behavior.
U1.R16,U1,R16,IO_L15P_T2_DQS_RDWR_B_14,14,1.8 V,Unused · intentional NC,intentional no-connect,intentional_no_connect,,1,,No function or physical net in this revision; no boot/power pin removed. The schematic NC marker documents intent; the bitstream must also set its unused-pin behavior.
U1.R17,U1,R17,IO_L12N_T1_MRCC_14,14,1.8 V,Unused · intentional NC,intentional no-connect,intentional_no_connect,,1,,Unused N mate of single-ended oscillator P17. The schematic NC marker documents intent; the bitstream must also set its unused-pin behavior.
U1.R18,U1,R18,IO_L7P_T1_D09_14,14,1.8 V,Unused · intentional NC,intentional no-connect,intentional_no_connect,,1,,No function or physical net in this revision; no boot/power pin removed. The schematic NC marker documents intent; the bitstream must also set its unused-pin behavior.
U1.R2,U1,R2,IO_L15N_T2_DQS_34,34,1.5 V,Assigned · net connected,assigned net connected in native DRC,native_assignment_verified,ASIC5_DATA6,1,ASIC5_DATA6,"This assigned net has no missing connection in the supplied native DRC. This is copper connectivity, not electrical compatibility or a powered test. Provisional ASIC assignment: electrical limits, physical chip identity, mating continuity and capture timing remain unverified."
U1.R3,U1,R3,IO_L11P_T1_SRCC_34,34,1.5 V,Assigned · net connected,assigned net connected in native DRC,native_assignment_verified,ASIC5_CLK32MHz_Out,1,ASIC5_CLK32MHz_Out,"This assigned net has no missing connection in the supplied native DRC. This is copper connectivity, not electrical compatibility or a powered test. Provisional ASIC assignment: electrical limits, physical chip identity, mating continuity and capture timing remain unverified."
U1.R4,U1,R4,GND,NA,,Assigned · net connected,assigned net connected in native DRC,native_assignment_verified,GND,1,,"This assigned net has no missing connection in the supplied native DRC. This is copper connectivity, not electrical compatibility or a powered test."
U1.R5,U1,R5,IO_L19N_T3_VREF_34,34,1.5 V,Unused · intentional NC,intentional no-connect,intentional_no_connect,,1,,GPIO/multifunction VREF alias; selected LVCMOS15/LVDS_25/1.8V configuration interface needs no external VREF here. The schematic NC marker documents intent; the bitstream must also set its unused-pin behavior.
U1.R6,U1,R6,IO_L19P_T3_34,34,1.5 V,Assigned · net connected,assigned net connected in native DRC,native_assignment_verified,ASIC6_SYNC,1,ASIC6_SYNC,"This assigned net has no missing connection in the supplied native DRC. This is copper connectivity, not electrical compatibility or a powered test. Provisional ASIC assignment: electrical limits, physical chip identity, mating continuity and capture timing remain unverified."
U1.R7,U1,R7,IO_L23P_T3_34,34,1.5 V,Assigned · net connected,assigned net connected in native DRC,native_assignment_verified,ASIC8_DATA6,1,ASIC8_DATA6,"This assigned net has no missing connection in the supplied native DRC. This is copper connectivity, not electrical compatibility or a powered test. Provisional ASIC assignment: electrical limits, physical chip identity, mating continuity and capture timing remain unverified."
U1.R8,U1,R8,IO_L24P_T3_34,34,1.5 V,Assigned · net connected,assigned net connected in native DRC,native_assignment_verified,ASIC8_DATA3,1,ASIC8_DATA3,"This assigned net has no missing connection in the supplied native DRC. This is copper connectivity, not electrical compatibility or a powered test. Provisional ASIC assignment: electrical limits, physical chip identity, mating continuity and capture timing remain unverified."
U1.R9,U1,R9,VCCO_0,0,1.8 V,Assigned · net connected,assigned net connected in native DRC,native_assignment_verified,VCCAUX_1V8,1,,"This assigned net has no missing connection in the supplied native DRC. This is copper connectivity, not electrical compatibility or a powered test."
U1.T1,U1,T1,IO_L17N_T2_34,34,1.5 V,Assigned · net connected,assigned net connected in native DRC,native_assignment_verified,ASIC5_DATA5,1,ASIC5_DATA5,"This assigned net has no missing connection in the supplied native DRC. This is copper connectivity, not electrical compatibility or a powered test. Provisional ASIC assignment: electrical limits, physical chip identity, mating continuity and capture timing remain unverified."
U1.T10,U1,T10,IO_L24N_T3_A00_D16_14,14,1.8 V,Unused · intentional NC,intentional no-connect,intentional_no_connect,,1,,No function or physical net in this revision; no boot/power pin removed. The schematic NC marker documents intent; the bitstream must also set its unused-pin behavior.
U1.T11,U1,T11,IO_L19P_T3_A10_D26_14,14,1.8 V,Unused · intentional NC,intentional no-connect,intentional_no_connect,,1,,No function or physical net in this revision; no boot/power pin removed. The schematic NC marker documents intent; the bitstream must also set its unused-pin behavior.
U1.T12,U1,T12,VCCO_14,14,1.8 V,Assigned · net connected,assigned net connected in native DRC,native_assignment_verified,VCCAUX_1V8,1,,"This assigned net has no missing connection in the supplied native DRC. This is copper connectivity, not electrical compatibility or a powered test."
U1.T13,U1,T13,IO_L23P_T3_A03_D19_14,14,1.8 V,Unused · intentional NC,intentional no-connect,intentional_no_connect,,1,,No function or physical net in this revision; no boot/power pin removed. The schematic NC marker documents intent; the bitstream must also set its unused-pin behavior.
U1.T14,U1,T14,IO_L14P_T2_SRCC_14,14,1.8 V,Unused · intentional NC,intentional no-connect,intentional_no_connect,,1,,No function or physical net in this revision; no boot/power pin removed. The schematic NC marker documents intent; the bitstream must also set its unused-pin behavior.
U1.T15,U1,T15,IO_L14N_T2_SRCC_14,14,1.8 V,Unused · intentional NC,intentional no-connect,intentional_no_connect,,1,,No function or physical net in this revision; no boot/power pin removed. The schematic NC marker documents intent; the bitstream must also set its unused-pin behavior.
U1.T16,U1,T16,IO_L15N_T2_DQS_DOUT_CSO_B_14,14,1.8 V,Unused · intentional NC,intentional no-connect,intentional_no_connect,,1,,No function or physical net in this revision; no boot/power pin removed. The schematic NC marker documents intent; the bitstream must also set its unused-pin behavior.
U1.T17,U1,T17,GND,NA,,Assigned · net connected,assigned net connected in native DRC,native_assignment_verified,GND,1,,"This assigned net has no missing connection in the supplied native DRC. This is copper connectivity, not electrical compatibility or a powered test."
U1.T18,U1,T18,IO_L7N_T1_D10_14,14,1.8 V,Unused · intentional NC,intentional no-connect,intentional_no_connect,,1,,No function or physical net in this revision; no boot/power pin removed. The schematic NC marker documents intent; the bitstream must also set its unused-pin behavior.
U1.T2,U1,T2,VCCO_34,34,1.5 V,Assigned · net connected,assigned net connected in native DRC,native_assignment_verified,VCC_ASIC_1V5,1,,"This assigned net has no missing connection in the supplied native DRC. This is copper connectivity, not electrical compatibility or a powered test."
U1.T3,U1,T3,IO_L11N_T1_SRCC_34,34,1.5 V,Unused · intentional NC,intentional no-connect,intentional_no_connect,,1,,Unused N mate of single-ended LVCMOS15 returned-clock P ball R3; no differential receiver instantiated. The schematic NC marker documents intent; the bitstream must also set its unused-pin behavior.
U1.T4,U1,T4,IO_L12N_T1_MRCC_34,34,1.5 V,Unused · intentional NC,intentional no-connect,intentional_no_connect,,1,,Unused N mate of single-ended LVCMOS15 returned-clock P ball T5; no differential receiver instantiated. The schematic NC marker documents intent; the bitstream must also set its unused-pin behavior.
U1.T5,U1,T5,IO_L12P_T1_MRCC_34,34,1.5 V,Assigned · net connected,assigned net connected in native DRC,native_assignment_verified,ASIC7_CLK32MHz_Out,1,ASIC7_CLK32MHz_Out,"This assigned net has no missing connection in the supplied native DRC. This is copper connectivity, not electrical compatibility or a powered test. Provisional ASIC assignment: electrical limits, physical chip identity, mating continuity and capture timing remain unverified."
U1.T6,U1,T6,IO_L23N_T3_34,34,1.5 V,Assigned · net connected,assigned net connected in native DRC,native_assignment_verified,ASIC7_SYNC,1,ASIC7_SYNC,"This assigned net has no missing connection in the supplied native DRC. This is copper connectivity, not electrical compatibility or a powered test. Provisional ASIC assignment: electrical limits, physical chip identity, mating continuity and capture timing remain unverified."
U1.T7,U1,T7,GND,NA,,Assigned · net connected,assigned net connected in native DRC,native_assignment_verified,GND,1,,"This assigned net has no missing connection in the supplied native DRC. This is copper connectivity, not electrical compatibility or a powered test."
U1.T8,U1,T8,IO_L24N_T3_34,34,1.5 V,Assigned · net connected,assigned net connected in native DRC,native_assignment_verified,ASIC8_READ,1,ASIC8_READ,"This assigned net has no missing connection in the supplied native DRC. This is copper connectivity, not electrical compatibility or a powered test. Provisional ASIC assignment: electrical limits, physical chip identity, mating continuity and capture timing remain unverified."
U1.T9,U1,T9,IO_L24P_T3_A01_D17_14,14,1.8 V,Unused · intentional NC,intentional no-connect,intentional_no_connect,,1,,No function or physical net in this revision; no boot/power pin removed. The schematic NC marker documents intent; the bitstream must also set its unused-pin behavior.
U1.U1,U1,U1,IO_L7P_T1_34,34,1.5 V,Assigned · net connected,assigned net connected in native DRC,native_assignment_verified,ASIC5_DATA3,1,ASIC5_DATA3,"This assigned net has no missing connection in the supplied native DRC. This is copper connectivity, not electrical compatibility or a powered test. Provisional ASIC assignment: electrical limits, physical chip identity, mating continuity and capture timing remain unverified."
U1.U10,U1,U10,GND,NA,,Assigned · net connected,assigned net connected in native DRC,native_assignment_verified,GND,1,,"This assigned net has no missing connection in the supplied native DRC. This is copper connectivity, not electrical compatibility or a powered test."
U1.U11,U1,U11,IO_L19N_T3_A09_D25_VREF_14,14,1.8 V,Unused · intentional NC,intentional no-connect,intentional_no_connect,,1,,GPIO/multifunction VREF alias; selected LVCMOS15/LVDS_25/1.8V configuration interface needs no external VREF here. The schematic NC marker documents intent; the bitstream must also set its unused-pin behavior.
U1.U12,U1,U12,IO_L20P_T3_A08_D24_14,14,1.8 V,Unused · intentional NC,intentional no-connect,intentional_no_connect,,1,,No function or physical net in this revision; no boot/power pin removed. The schematic NC marker documents intent; the bitstream must also set its unused-pin behavior.
U1.U13,U1,U13,IO_L23N_T3_A02_D18_14,14,1.8 V,Unused · intentional NC,intentional no-connect,intentional_no_connect,,1,,No function or physical net in this revision; no boot/power pin removed. The schematic NC marker documents intent; the bitstream must also set its unused-pin behavior.
U1.U14,U1,U14,IO_L22P_T3_A05_D21_14,14,1.8 V,Unused · intentional NC,intentional no-connect,intentional_no_connect,,1,,No function or physical net in this revision; no boot/power pin removed. The schematic NC marker documents intent; the bitstream must also set its unused-pin behavior.
U1.U15,U1,U15,VCCO_14,14,1.8 V,Assigned · net connected,assigned net connected in native DRC,native_assignment_verified,VCCAUX_1V8,1,,"This assigned net has no missing connection in the supplied native DRC. This is copper connectivity, not electrical compatibility or a powered test."
U1.U16,U1,U16,IO_L18P_T2_A12_D28_14,14,1.8 V,Unused · intentional NC,intentional no-connect,intentional_no_connect,,1,,No function or physical net in this revision; no boot/power pin removed. The schematic NC marker documents intent; the bitstream must also set its unused-pin behavior.
U1.U17,U1,U17,IO_L17P_T2_A14_D30_14,14,1.8 V,Unused · intentional NC,intentional no-connect,intentional_no_connect,,1,,No function or physical net in this revision; no boot/power pin removed. The schematic NC marker documents intent; the bitstream must also set its unused-pin behavior.
U1.U18,U1,U18,IO_L17N_T2_A13_D29_14,14,1.8 V,Unused · intentional NC,intentional no-connect,intentional_no_connect,,1,,No function or physical net in this revision; no boot/power pin removed. The schematic NC marker documents intent; the bitstream must also set its unused-pin behavior.
U1.U2,U1,U2,IO_L9P_T1_DQS_34,34,1.5 V,Assigned · net connected,assigned net connected in native DRC,native_assignment_verified,ASIC5_DATA4,1,ASIC5_DATA4,"This assigned net has no missing connection in the supplied native DRC. This is copper connectivity, not electrical compatibility or a powered test. Provisional ASIC assignment: electrical limits, physical chip identity, mating continuity and capture timing remain unverified."
U1.U3,U1,U3,IO_L8N_T1_34,34,1.5 V,Assigned · net connected,assigned net connected in native DRC,native_assignment_verified,ASIC5_DATA8,1,ASIC5_DATA8,"This assigned net has no missing connection in the supplied native DRC. This is copper connectivity, not electrical compatibility or a powered test. Provisional ASIC assignment: electrical limits, physical chip identity, mating continuity and capture timing remain unverified."
U1.U4,U1,U4,IO_L8P_T1_34,34,1.5 V,Assigned · net connected,assigned net connected in native DRC,native_assignment_verified,ASIC7_DATA1,1,ASIC7_DATA1,"This assigned net has no missing connection in the supplied native DRC. This is copper connectivity, not electrical compatibility or a powered test. Provisional ASIC assignment: electrical limits, physical chip identity, mating continuity and capture timing remain unverified."
U1.U5,U1,U5,VCCO_34,34,1.5 V,Assigned · net connected,assigned net connected in native DRC,native_assignment_verified,VCC_ASIC_1V5,1,,"This assigned net has no missing connection in the supplied native DRC. This is copper connectivity, not electrical compatibility or a powered test."
U1.U6,U1,U6,IO_L22N_T3_34,34,1.5 V,Assigned · net connected,assigned net connected in native DRC,native_assignment_verified,ASIC7_DATA7,1,ASIC7_DATA7,"This assigned net has no missing connection in the supplied native DRC. This is copper connectivity, not electrical compatibility or a powered test. Provisional ASIC assignment: electrical limits, physical chip identity, mating continuity and capture timing remain unverified."
U1.U7,U1,U7,IO_L22P_T3_34,34,1.5 V,Assigned · net connected,assigned net connected in native DRC,native_assignment_verified,ASIC7_DATA4,1,ASIC7_DATA4,"This assigned net has no missing connection in the supplied native DRC. This is copper connectivity, not electrical compatibility or a powered test. Provisional ASIC assignment: electrical limits, physical chip identity, mating continuity and capture timing remain unverified."
U1.U8,U1,U8,IO_25_34,34,1.5 V,Assigned · net connected,assigned net connected in native DRC,native_assignment_verified,ASIC7_DATA6,1,ASIC7_DATA6,"This assigned net has no missing connection in the supplied native DRC. This is copper connectivity, not electrical compatibility or a powered test. Provisional ASIC assignment: electrical limits, physical chip identity, mating continuity and capture timing remain unverified."
U1.U9,U1,U9,IO_L21P_T3_DQS_34,34,1.5 V,Assigned · net connected,assigned net connected in native DRC,native_assignment_verified,ASIC7_READ,1,ASIC7_READ,"This assigned net has no missing connection in the supplied native DRC. This is copper connectivity, not electrical compatibility or a powered test. Provisional ASIC assignment: electrical limits, physical chip identity, mating continuity and capture timing remain unverified."
U1.V1,U1,V1,IO_L7N_T1_34,34,1.5 V,Assigned · net connected,assigned net connected in native DRC,native_assignment_verified,ASIC5_DATA1,1,ASIC5_DATA1,"This assigned net has no missing connection in the supplied native DRC. This is copper connectivity, not electrical compatibility or a powered test. Provisional ASIC assignment: electrical limits, physical chip identity, mating continuity and capture timing remain unverified."
U1.V10,U1,V10,IO_L21P_T3_DQS_14,14,1.8 V,Unused · intentional NC,intentional no-connect,intentional_no_connect,,1,,No function or physical net in this revision; no boot/power pin removed. The schematic NC marker documents intent; the bitstream must also set its unused-pin behavior.
U1.V11,U1,V11,IO_L21N_T3_DQS_A06_D22_14,14,1.8 V,Unused · intentional NC,intentional no-connect,intentional_no_connect,,1,,No function or physical net in this revision; no boot/power pin removed. The schematic NC marker documents intent; the bitstream must also set its unused-pin behavior.
U1.V12,U1,V12,IO_L20N_T3_A07_D23_14,14,1.8 V,Unused · intentional NC,intentional no-connect,intentional_no_connect,,1,,No function or physical net in this revision; no boot/power pin removed. The schematic NC marker documents intent; the bitstream must also set its unused-pin behavior.
U1.V13,U1,V13,GND,NA,,Assigned · net connected,assigned net connected in native DRC,native_assignment_verified,GND,1,,"This assigned net has no missing connection in the supplied native DRC. This is copper connectivity, not electrical compatibility or a powered test."
U1.V14,U1,V14,IO_L22N_T3_A04_D20_14,14,1.8 V,Unused · intentional NC,intentional no-connect,intentional_no_connect,,1,,No function or physical net in this revision; no boot/power pin removed. The schematic NC marker documents intent; the bitstream must also set its unused-pin behavior.
U1.V15,U1,V15,IO_L16P_T2_CSI_B_14,14,1.8 V,Unused · intentional NC,intentional no-connect,intentional_no_connect,,1,,No function or physical net in this revision; no boot/power pin removed. The schematic NC marker documents intent; the bitstream must also set its unused-pin behavior.
U1.V16,U1,V16,IO_L16N_T2_A15_D31_14,14,1.8 V,Unused · intentional NC,intentional no-connect,intentional_no_connect,,1,,No function or physical net in this revision; no boot/power pin removed. The schematic NC marker documents intent; the bitstream must also set its unused-pin behavior.
U1.V17,U1,V17,IO_L18N_T2_A11_D27_14,14,1.8 V,Unused · intentional NC,intentional no-connect,intentional_no_connect,,1,,No function or physical net in this revision; no boot/power pin removed. The schematic NC marker documents intent; the bitstream must also set its unused-pin behavior.
U1.V18,U1,V18,VCCO_14,14,1.8 V,Assigned · net connected,assigned net connected in native DRC,native_assignment_verified,VCCAUX_1V8,1,,"This assigned net has no missing connection in the supplied native DRC. This is copper connectivity, not electrical compatibility or a powered test."
U1.V2,U1,V2,IO_L9N_T1_DQS_34,34,1.5 V,Assigned · net connected,assigned net connected in native DRC,native_assignment_verified,ASIC5_DATA7,1,ASIC5_DATA7,"This assigned net has no missing connection in the supplied native DRC. This is copper connectivity, not electrical compatibility or a powered test. Provisional ASIC assignment: electrical limits, physical chip identity, mating continuity and capture timing remain unverified."
U1.V3,U1,V3,GND,NA,,Assigned · net connected,assigned net connected in native DRC,native_assignment_verified,GND,1,,"This assigned net has no missing connection in the supplied native DRC. This is copper connectivity, not electrical compatibility or a powered test."
U1.V4,U1,V4,IO_L10N_T1_34,34,1.5 V,Assigned · net connected,assigned net connected in native DRC,native_assignment_verified,ASIC5_READ,1,ASIC5_READ,"This assigned net has no missing connection in the supplied native DRC. This is copper connectivity, not electrical compatibility or a powered test. Provisional ASIC assignment: electrical limits, physical chip identity, mating continuity and capture timing remain unverified."
U1.V5,U1,V5,IO_L10P_T1_34,34,1.5 V,Assigned · net connected,assigned net connected in native DRC,native_assignment_verified,ASIC7_DATA3,1,ASIC7_DATA3,"This assigned net has no missing connection in the supplied native DRC. This is copper connectivity, not electrical compatibility or a powered test. Provisional ASIC assignment: electrical limits, physical chip identity, mating continuity and capture timing remain unverified."
U1.V6,U1,V6,IO_L20N_T3_34,34,1.5 V,Assigned · net connected,assigned net connected in native DRC,native_assignment_verified,ASIC7_DATA5,1,ASIC7_DATA5,"This assigned net has no missing connection in the supplied native DRC. This is copper connectivity, not electrical compatibility or a powered test. Provisional ASIC assignment: electrical limits, physical chip identity, mating continuity and capture timing remain unverified."
U1.V7,U1,V7,IO_L20P_T3_34,34,1.5 V,Assigned · net connected,assigned net connected in native DRC,native_assignment_verified,ASIC7_DATA2,1,ASIC7_DATA2,"This assigned net has no missing connection in the supplied native DRC. This is copper connectivity, not electrical compatibility or a powered test. Provisional ASIC assignment: electrical limits, physical chip identity, mating continuity and capture timing remain unverified."
U1.V8,U1,V8,VCCO_34,34,1.5 V,Assigned · net connected,assigned net connected in native DRC,native_assignment_verified,VCC_ASIC_1V5,1,,"This assigned net has no missing connection in the supplied native DRC. This is copper connectivity, not electrical compatibility or a powered test."
U1.V9,U1,V9,IO_L21N_T3_DQS_34,34,1.5 V,Assigned · net connected,assigned net connected in native DRC,native_assignment_verified,ASIC7_DATA8,1,ASIC7_DATA8,"This assigned net has no missing connection in the supplied native DRC. This is copper connectivity, not electrical compatibility or a powered test. Provisional ASIC assignment: electrical limits, physical chip identity, mating continuity and capture timing remain unverified."
U2.1,U2,1,VIN,,,Assigned · net connected,assigned net connected in native DRC,native_assignment_verified,LINK_12V,1,,"This assigned net has no missing connection in the supplied native DRC. This is copper connectivity, not electrical compatibility or a powered test."
U2.10,U2,10,MODE,,,Assigned · net connected,assigned net connected in native DRC,native_assignment_verified,LINK_12V,1,,"This assigned net has no missing connection in the supplied native DRC. This is copper connectivity, not electrical compatibility or a powered test."
U2.11,U2,11,VSEL,,,Assigned · net connected,assigned net connected in native DRC,native_assignment_verified,GND,1,,"This assigned net has no missing connection in the supplied native DRC. This is copper connectivity, not electrical compatibility or a powered test."
U2.2,U2,2,SW,,,Assigned · net connected,assigned net connected in native DRC,native_assignment_verified,SW_CORE,1,,"This assigned net has no missing connection in the supplied native DRC. This is copper connectivity, not electrical compatibility or a powered test."
U2.3,U2,3,GND,,,Assigned · net connected,assigned net connected in native DRC,native_assignment_verified,GND,1,,"This assigned net has no missing connection in the supplied native DRC. This is copper connectivity, not electrical compatibility or a powered test."
U2.4,U2,4,FB2,,,Assigned · net connected,assigned net connected in native DRC,native_assignment_verified,GND,1,,"This assigned net has no missing connection in the supplied native DRC. This is copper connectivity, not electrical compatibility or a powered test. The earlier NC marker was removed and the native pin is now GND. Assignment and physical copper completion are different checks."
U2.5,U2,5,FB,,,Assigned · net connected,assigned net connected in native DRC,native_assignment_verified,FB_CORE,1,,"This assigned net has no missing connection in the supplied native DRC. This is copper connectivity, not electrical compatibility or a powered test."
U2.6,U2,6,VOS,,,Assigned · net connected,assigned net connected in native DRC,native_assignment_verified,VCORE_REG_1V025,1,,"This assigned net has no missing connection in the supplied native DRC. This is copper connectivity, not electrical compatibility or a powered test."
U2.7,U2,7,PG,,,Assigned · net connected,assigned net connected in native DRC,native_assignment_verified,PG_CORE,1,,"This assigned net has no missing connection in the supplied native DRC. This is copper connectivity, not electrical compatibility or a powered test."
U2.8,U2,8,EN,,,Assigned · net connected,assigned net connected in native DRC,native_assignment_verified,LINK_12V,1,,"This assigned net has no missing connection in the supplied native DRC. This is copper connectivity, not electrical compatibility or a powered test."
U2.9,U2,9,SS/TR,,,Assigned · net connected,assigned net connected in native DRC,native_assignment_verified,SS_CORE,1,,"This assigned net has no missing connection in the supplied native DRC. This is copper connectivity, not electrical compatibility or a powered test."
U3.1,U3,1,VIN,,,Assigned · net connected,assigned net connected in native DRC,native_assignment_verified,LINK_12V,1,,"This assigned net has no missing connection in the supplied native DRC. This is copper connectivity, not electrical compatibility or a powered test."
U3.10,U3,10,MODE,,,Assigned · net connected,assigned net connected in native DRC,native_assignment_verified,LINK_12V,1,,"This assigned net has no missing connection in the supplied native DRC. This is copper connectivity, not electrical compatibility or a powered test."
U3.11,U3,11,VSEL,,,Assigned · net connected,assigned net connected in native DRC,native_assignment_verified,GND,1,,"This assigned net has no missing connection in the supplied native DRC. This is copper connectivity, not electrical compatibility or a powered test."
U3.2,U3,2,SW,,,Assigned · net connected,assigned net connected in native DRC,native_assignment_verified,SW_AUX,1,,"This assigned net has no missing connection in the supplied native DRC. This is copper connectivity, not electrical compatibility or a powered test."
U3.3,U3,3,GND,,,Assigned · net connected,assigned net connected in native DRC,native_assignment_verified,GND,1,,"This assigned net has no missing connection in the supplied native DRC. This is copper connectivity, not electrical compatibility or a powered test."
U3.4,U3,4,FB2,,,Assigned · net connected,assigned net connected in native DRC,native_assignment_verified,GND,1,,"This assigned net has no missing connection in the supplied native DRC. This is copper connectivity, not electrical compatibility or a powered test. The earlier NC marker was removed and the native pin is now GND. Assignment and physical copper completion are different checks."
U3.5,U3,5,FB,,,Assigned · net connected,assigned net connected in native DRC,native_assignment_verified,FB_AUX,1,,"This assigned net has no missing connection in the supplied native DRC. This is copper connectivity, not electrical compatibility or a powered test."
U3.6,U3,6,VOS,,,Assigned · net connected,assigned net connected in native DRC,native_assignment_verified,VAUX_REG_1V803,1,,"This assigned net has no missing connection in the supplied native DRC. This is copper connectivity, not electrical compatibility or a powered test."
U3.7,U3,7,PG,,,Assigned · net connected,assigned net connected in native DRC,native_assignment_verified,PG_AUX,1,,"This assigned net has no missing connection in the supplied native DRC. This is copper connectivity, not electrical compatibility or a powered test."
U3.8,U3,8,EN,,,Assigned · net connected,assigned net connected in native DRC,native_assignment_verified,PG_CORE,1,,"This assigned net has no missing connection in the supplied native DRC. This is copper connectivity, not electrical compatibility or a powered test."
U3.9,U3,9,SS/TR,,,Assigned · net connected,assigned net connected in native DRC,native_assignment_verified,SS_AUX,1,,"This assigned net has no missing connection in the supplied native DRC. This is copper connectivity, not electrical compatibility or a powered test."
U4.1,U4,1,VIN,,,Assigned · net connected,assigned net connected in native DRC,native_assignment_verified,LINK_12V,1,,"This assigned net has no missing connection in the supplied native DRC. This is copper connectivity, not electrical compatibility or a powered test."
U4.10,U4,10,MODE,,,Assigned · net connected,assigned net connected in native DRC,native_assignment_verified,LINK_12V,1,,"This assigned net has no missing connection in the supplied native DRC. This is copper connectivity, not electrical compatibility or a powered test."
U4.11,U4,11,VSEL,,,Assigned · net connected,assigned net connected in native DRC,native_assignment_verified,GND,1,,"This assigned net has no missing connection in the supplied native DRC. This is copper connectivity, not electrical compatibility or a powered test."
U4.2,U4,2,SW,,,Assigned · net connected,assigned net connected in native DRC,native_assignment_verified,SW_CFG,1,,"This assigned net has no missing connection in the supplied native DRC. This is copper connectivity, not electrical compatibility or a powered test."
U4.3,U4,3,GND,,,Assigned · net connected,assigned net connected in native DRC,native_assignment_verified,GND,1,,"This assigned net has no missing connection in the supplied native DRC. This is copper connectivity, not electrical compatibility or a powered test."
U4.4,U4,4,FB2,,,Assigned · net connected,assigned net connected in native DRC,native_assignment_verified,GND,1,,"This assigned net has no missing connection in the supplied native DRC. This is copper connectivity, not electrical compatibility or a powered test. The earlier NC marker was removed and the native pin is now GND. Assignment and physical copper completion are different checks."
U4.5,U4,5,FB,,,Assigned · net connected,assigned net connected in native DRC,native_assignment_verified,FB_CFG,1,,"This assigned net has no missing connection in the supplied native DRC. This is copper connectivity, not electrical compatibility or a powered test."
U4.6,U4,6,VOS,,,Assigned · net connected,assigned net connected in native DRC,native_assignment_verified,VCC_LINK_2V5,1,,"This assigned net has no missing connection in the supplied native DRC. This is copper connectivity, not electrical compatibility or a powered test."
U4.7,U4,7,PG,,,Unused · intentional NC,intentional no-connect,intentional_no_connect,,1,,Unused open-drain power-good output. Its shared status branch and R12 were removed because no circuit consumed the signal. TI permits unused PG to be left open.
U4.8,U4,8,EN,,,Assigned · net connected,assigned net connected in native DRC,native_assignment_verified,PG_AUX,1,,"This assigned net has no missing connection in the supplied native DRC. This is copper connectivity, not electrical compatibility or a powered test."
U4.9,U4,9,SS/TR,,,Assigned · net connected,assigned net connected in native DRC,native_assignment_verified,SS_CFG,1,,"This assigned net has no missing connection in the supplied native DRC. This is copper connectivity, not electrical compatibility or a powered test."
U5.1,U5,1,VIN,,,Assigned · net connected,assigned net connected in native DRC,native_assignment_verified,LINK_12V,1,,"This assigned net has no missing connection in the supplied native DRC. This is copper connectivity, not electrical compatibility or a powered test."
U5.10,U5,10,MODE,,,Assigned · net connected,assigned net connected in native DRC,native_assignment_verified,LINK_12V,1,,"This assigned net has no missing connection in the supplied native DRC. This is copper connectivity, not electrical compatibility or a powered test."
U5.11,U5,11,VSEL,,,Assigned · net connected,assigned net connected in native DRC,native_assignment_verified,GND,1,,"This assigned net has no missing connection in the supplied native DRC. This is copper connectivity, not electrical compatibility or a powered test."
U5.2,U5,2,SW,,,Assigned · net connected,assigned net connected in native DRC,native_assignment_verified,SW_ASIC,1,,"This assigned net has no missing connection in the supplied native DRC. This is copper connectivity, not electrical compatibility or a powered test."
U5.3,U5,3,GND,,,Assigned · net connected,assigned net connected in native DRC,native_assignment_verified,GND,1,,"This assigned net has no missing connection in the supplied native DRC. This is copper connectivity, not electrical compatibility or a powered test."
U5.4,U5,4,FB2,,,Assigned · net connected,assigned net connected in native DRC,native_assignment_verified,GND,1,,"This assigned net has no missing connection in the supplied native DRC. This is copper connectivity, not electrical compatibility or a powered test. The earlier NC marker was removed and the native pin is now GND. Assignment and physical copper completion are different checks."
U5.5,U5,5,FB,,,Assigned · net connected,assigned net connected in native DRC,native_assignment_verified,FB_ASIC,1,,"This assigned net has no missing connection in the supplied native DRC. This is copper connectivity, not electrical compatibility or a powered test."
U5.6,U5,6,VOS,,,Assigned · net connected,assigned net connected in native DRC,native_assignment_verified,VCC_ASIC_1V5,1,,"This assigned net has no missing connection in the supplied native DRC. This is copper connectivity, not electrical compatibility or a powered test."
U5.7,U5,7,PG,,,Unused · intentional NC,intentional no-connect,intentional_no_connect,,1,,Unused open-drain power-good output. Its shared status branch and R12 were removed because no circuit consumed the signal. TI permits unused PG to be left open.
U5.8,U5,8,EN,,,Assigned · net connected,assigned net connected in native DRC,native_assignment_verified,PG_AUX,1,,"This assigned net has no missing connection in the supplied native DRC. This is copper connectivity, not electrical compatibility or a powered test."
U5.9,U5,9,SS/TR,,,Assigned · net connected,assigned net connected in native DRC,native_assignment_verified,SS_ASIC,1,,"This assigned net has no missing connection in the supplied native DRC. This is copper connectivity, not electrical compatibility or a powered test."
U6.1,U6,1,~{CS},,,Assigned · net connected,assigned net connected in native DRC,native_assignment_verified,FLASH_CS_B,1,,"This assigned net has no missing connection in the supplied native DRC. This is copper connectivity, not electrical compatibility or a powered test."
U6.2,U6,2,SO/SIO1,,,Assigned · net connected,assigned net connected in native DRC,native_assignment_verified,FLASH_DQ1,1,,"This assigned net has no missing connection in the supplied native DRC. This is copper connectivity, not electrical compatibility or a powered test."
U6.3,U6,3,~{WP}/SIO2,,,Assigned · net connected,assigned net connected in native DRC,native_assignment_verified,FLASH_DQ2,1,,"This assigned net has no missing connection in the supplied native DRC. This is copper connectivity, not electrical compatibility or a powered test."
U6.4,U6,4,GND,,,Assigned · net connected,assigned net connected in native DRC,native_assignment_verified,GND,1,,"This assigned net has no missing connection in the supplied native DRC. This is copper connectivity, not electrical compatibility or a powered test."
U6.5,U6,5,SI/SIO0,,,Assigned · net connected,assigned net connected in native DRC,native_assignment_verified,FLASH_DQ0,1,,"This assigned net has no missing connection in the supplied native DRC. This is copper connectivity, not electrical compatibility or a powered test."
U6.6,U6,6,SCLK,,,Assigned · net connected,assigned net connected in native DRC,native_assignment_verified,FLASH_SCLK,1,,"This assigned net has no missing connection in the supplied native DRC. This is copper connectivity, not electrical compatibility or a powered test."
U6.7,U6,7,~{RESET}/SIO3,,,Assigned · net connected,assigned net connected in native DRC,native_assignment_verified,FLASH_DQ3,1,,"This assigned net has no missing connection in the supplied native DRC. This is copper connectivity, not electrical compatibility or a powered test."
U6.8,U6,8,VCC,,,Assigned · net connected,assigned net connected in native DRC,native_assignment_verified,VCCAUX_1V8,1,,"This assigned net has no missing connection in the supplied native DRC. This is copper connectivity, not electrical compatibility or a powered test."
Y1.1,Y1,1,EN,,,Assigned · net connected,assigned net connected in native DRC,native_assignment_verified,VCCAUX_1V8,1,,"This assigned net has no missing connection in the supplied native DRC. This is copper connectivity, not electrical compatibility or a powered test."
Y1.2,Y1,2,GND,,,Assigned · net connected,assigned net connected in native DRC,native_assignment_verified,GND,1,,"This assigned net has no missing connection in the supplied native DRC. This is copper connectivity, not electrical compatibility or a powered test."
Y1.3,Y1,3,OUT,,,Assigned · net connected,assigned net connected in native DRC,native_assignment_verified,OSC_32M_RAW,1,,"This assigned net has no missing connection in the supplied native DRC. This is copper connectivity, not electrical compatibility or a powered test."
Y1.4,Y1,4,Vdd,,,Assigned · net connected,assigned net connected in native DRC,native_assignment_verified,VCCAUX_1V8,1,,"This assigned net has no missing connection in the supplied native DRC. This is copper connectivity, not electrical compatibility or a powered test."
